DROP DATABASE IF EXISTS Matrix;
CREATE DATABASE Matrix;
USE Matrix;

drop table IF EXISTS Consultant;
create table Consultant(
    ConsultantId int NOT NULL AUTO_INCREMENT PRIMARY KEY,
    Nom varchar(150) NOT NULL,
	Prenom varchar(150),
	Commentaire varchar(300),
    email varchar(320) DEFAULT NULL,
	pswd char(40),
    must_change_password bit default 1,
	CONSTRAINT UQ_Email UNIQUE  (email)
);

drop table IF EXISTS CompetenceType;
create table CompetenceType(
    CompetenceTypeId nvarchar(10) NOT NULL PRIMARY KEY,	
    CompetenceTypeDescription varchar(150) NOT NULL,
	DisplaySequence int
);
insert CompetenceType(CompetenceTypeId, DisplaySequence, CompetenceTypeDescription) values('CM', 1, 'Compétences métier');
insert CompetenceType(CompetenceTypeId, DisplaySequence, CompetenceTypeDescription) values('CT', 2, 'Compétences techniques');
insert CompetenceType(CompetenceTypeId, DisplaySequence, CompetenceTypeDescription) values('OM', 3, 'Outils métier');
insert CompetenceType(CompetenceTypeId, DisplaySequence, CompetenceTypeDescription) values('CP', 4, 'Certification professionnelle');
insert CompetenceType(CompetenceTypeId, DisplaySequence, CompetenceTypeDescription) values('LP', 5, 'Niveau de langues');
insert CompetenceType(CompetenceTypeId, DisplaySequence, CompetenceTypeDescription) values('P',  6, 'Parameters');



drop table IF EXISTS Competence;
create table Competence(
    CompetenceId nvarchar(10) NOT NULL PRIMARY KEY,	
    ParentId nvarchar(10),
	CompetenceTypeId nvarchar(10) NOT NULL,
    CompetenceDescription varchar(150) NOT NULL,	
	CONSTRAINT UQ_Competence UNIQUE(CompetenceId, CompetenceDescription),
    CONSTRAINT FOREIGN KEY(ParentId) REFERENCES Competence(CompetenceId),
	CONSTRAINT FOREIGN KEY(CompetenceTypeId) REFERENCES CompetenceType(CompetenceTypeId)
);

drop table IF EXISTS Niveau;
create table Niveau(
    NiveauId nvarchar(10) NOT NULL,
    NiveauNom varchar(150) NOT NULL,
	CompetenceTypeId nvarchar(10),
    NiveauDescription varchar(300) NULL,
    CONSTRAINT PK_Niveau PRIMARY KEY (NiveauId,CompetenceTypeId),
	CONSTRAINT FK_CompetenceType FOREIGN KEY(CompetenceTypeId) REFERENCES CompetenceType(CompetenceTypeId)
);

drop table IF EXISTS Consultant_Competence;
create table Consultant_Competence(
    ConsultantId int,
    CompetenceId nvarchar(10),
    ParentId nvarchar(10),
	NiveauId nvarchar(10),
	NiveauNom nvarchar(10),
    CONSTRAINT PK_Consultant_Competence PRIMARY KEY (ConsultantId,CompetenceId),
	CONSTRAINT FOREIGN KEY(ConsultantId) REFERENCES Consultant(ConsultantId),
	CONSTRAINT FOREIGN KEY(CompetenceId) REFERENCES Competence(CompetenceId),
	CONSTRAINT FOREIGN KEY(ParentId) REFERENCES Competence(CompetenceId)
);

/*
drop index idx_Competence_ParentId on Competence;
CREATE INDEX idx_Competence_ParentId on Competence(ParentId);
*/
		
					
/*
select 'insert into Competence(CompetenceId, CompetenceTypeId, CompetenceDescription) values ( ' + 
	'''' + CAST(CompetenceId as varchar(10))+ ''', ''' + 
	CAST(CompetenceTypeId as varchar(10)) + ''', ''' + 
	CAST(CompetenceDescription as varchar(255)) + ''' );'
from Competence where parentid is null
*/                            
insert into Competence(CompetenceId, CompetenceTypeId, CompetenceDescription) values ( 'CM', 'CM', 'Compétences métier' );
insert into Competence(CompetenceId, CompetenceTypeId, CompetenceDescription) values ( 'CP', 'CP', 'Certification professionnelle' );
insert into Competence(CompetenceId, CompetenceTypeId, CompetenceDescription) values ( 'CT', 'CT', 'Compétences techniques' );
insert into Competence(CompetenceId, CompetenceTypeId, CompetenceDescription) values ( 'LP', 'LP', 'Niveau de langues' );
insert into Competence(CompetenceId, CompetenceTypeId, CompetenceDescription) values ( 'OM', 'OM', 'Outils métier' );
insert into Competence(CompetenceId, CompetenceTypeId, CompetenceDescription) values ( 'P', 'P', 'Parameters' );


/*
select 'insert into Competence(CompetenceId, ParentId, CompetenceTypeId, CompetenceDescription) values ( ' + 
	'''' + CAST(CompetenceId as varchar(10))+ ''', ''' + 
	CAST(ParentId as varchar(10)) + ''', ''' + 
	CAST(CompetenceTypeId as varchar(10)) + ''', ''' + 
	CAST(CompetenceDescription as varchar(255)) + ''' );'
from Competence where not parentid is null
*/
insert into Competence(CompetenceId, ParentId, CompetenceTypeId, CompetenceDescription) values ( '1', 'CM', 'CM', 'Organisation et Gestion des évolutions du Système d''information' );
insert into Competence(CompetenceId, ParentId, CompetenceTypeId, CompetenceDescription) values ( '1.1', '1', 'CM', 'Consultant SI/Business Analyst/AMOA' );
insert into Competence(CompetenceId, ParentId, CompetenceTypeId, CompetenceDescription) values ( '1.2', '1', 'CM', 'Urbaniste des SI' );
insert into Competence(CompetenceId, ParentId, CompetenceTypeId, CompetenceDescription) values ( '1.3', '1', 'CM', 'Responsable du SI "Métier"' );
insert into Competence(CompetenceId, ParentId, CompetenceTypeId, CompetenceDescription) values ( '1.4', '1', 'CM', 'Gestionnaire d''applications' );
insert into Competence(CompetenceId, ParentId, CompetenceTypeId, CompetenceDescription) values ( '1.5', '1', 'CM', 'Chargé d''affaires internes' );
insert into Competence(CompetenceId, ParentId, CompetenceTypeId, CompetenceDescription) values ( '1.6', '1', 'CM', 'Architecte d''entreprise' );
insert into Competence(CompetenceId, ParentId, CompetenceTypeId, CompetenceDescription) values ( '1.7', '1', 'CM', 'Responsable Green IT' );
insert into Competence(CompetenceId, ParentId, CompetenceTypeId, CompetenceDescription) values ( '2', 'CM', 'CM', 'Management de projets' );
insert into Competence(CompetenceId, ParentId, CompetenceTypeId, CompetenceDescription) values ( '2.1', '2', 'CM', 'Directeur de projet' );
insert into Competence(CompetenceId, ParentId, CompetenceTypeId, CompetenceDescription) values ( '2.2', '2', 'CM', 'Chef de projet MOA' );
insert into Competence(CompetenceId, ParentId, CompetenceTypeId, CompetenceDescription) values ( '2.3', '2', 'CM', 'Chef de projet MOE' );
insert into Competence(CompetenceId, ParentId, CompetenceTypeId, CompetenceDescription) values ( '2.4', '2', 'CM', 'Coach Agile' );
insert into Competence(CompetenceId, ParentId, CompetenceTypeId, CompetenceDescription) values ( '2.5', '2', 'CM', 'Scrum Master' );
insert into Competence(CompetenceId, ParentId, CompetenceTypeId, CompetenceDescription) values ( '2.6', '2', 'CM', 'Product Owner' );
insert into Competence(CompetenceId, ParentId, CompetenceTypeId, CompetenceDescription) values ( '2.7', '2', 'CM', 'Chargé de pilotage SI : PMO' );
insert into Competence(CompetenceId, ParentId, CompetenceTypeId, CompetenceDescription) values ( '3', 'CM', 'CM', 'Cycle de vie des applications' );
insert into Competence(CompetenceId, ParentId, CompetenceTypeId, CompetenceDescription) values ( '3.1', '3', 'CM', 'Responsable des systèmes applicatifs' );
insert into Competence(CompetenceId, ParentId, CompetenceTypeId, CompetenceDescription) values ( '3.2', '3', 'CM', 'Concepteur-Développeur' );
insert into Competence(CompetenceId, ParentId, CompetenceTypeId, CompetenceDescription) values ( '3.3', '3', 'CM', 'Testeur' );
insert into Competence(CompetenceId, ParentId, CompetenceTypeId, CompetenceDescription) values ( '3.4', '3', 'CM', 'Intégrateur d''applications' );
insert into Competence(CompetenceId, ParentId, CompetenceTypeId, CompetenceDescription) values ( '3.5', '3', 'CM', 'Paramétreur de progiciels' );
insert into Competence(CompetenceId, ParentId, CompetenceTypeId, CompetenceDescription) values ( '4', 'CM', 'CM', 'Mise à disposition et MCO des infrastructures' );
insert into Competence(CompetenceId, ParentId, CompetenceTypeId, CompetenceDescription) values ( '4.1', '4', 'CM', 'Technicien d''exploitation' );
insert into Competence(CompetenceId, ParentId, CompetenceTypeId, CompetenceDescription) values ( '4.2', '4', 'CM', 'Technicien poste de travail' );
insert into Competence(CompetenceId, ParentId, CompetenceTypeId, CompetenceDescription) values ( '4.3', '4', 'CM', 'Technicien réseaux-télécoms' );
insert into Competence(CompetenceId, ParentId, CompetenceTypeId, CompetenceDescription) values ( '4.4', '4', 'CM', 'Administrateur d''outils / systèmes / réseaux-télécoms' );
insert into Competence(CompetenceId, ParentId, CompetenceTypeId, CompetenceDescription) values ( '4.5', '4', 'CM', 'Administrateur de bases de données' );
insert into Competence(CompetenceId, ParentId, CompetenceTypeId, CompetenceDescription) values ( '4.6', '4', 'CM', 'Intégrateur d''exploitation' );
insert into Competence(CompetenceId, ParentId, CompetenceTypeId, CompetenceDescription) values ( '4.7', '4', 'CM', 'Pilote d''exploitation' );
insert into Competence(CompetenceId, ParentId, CompetenceTypeId, CompetenceDescription) values ( '4.8', '4', 'CM', 'Expert Systèmes d''exploitation / réseau télécom' );
insert into Competence(CompetenceId, ParentId, CompetenceTypeId, CompetenceDescription) values ( '4.9', '4', 'CM', 'Architecte technique' );
insert into Competence(CompetenceId, ParentId, CompetenceTypeId, CompetenceDescription) values ( '5', 'CM', 'CM', 'Support et assistance' );
insert into Competence(CompetenceId, ParentId, CompetenceTypeId, CompetenceDescription) values ( '5.1', '5', 'CM', 'Assistant fonctionnel' );
insert into Competence(CompetenceId, ParentId, CompetenceTypeId, CompetenceDescription) values ( '5.2', '5', 'CM', 'Technicien support utilisateurs' );
insert into Competence(CompetenceId, ParentId, CompetenceTypeId, CompetenceDescription) values ( '5.3', '5', 'CM', 'Expert méthode et outils / qualité' );
insert into Competence(CompetenceId, ParentId, CompetenceTypeId, CompetenceDescription) values ( '6', 'CM', 'CM', 'Sécurité' );
insert into Competence(CompetenceId, ParentId, CompetenceTypeId, CompetenceDescription) values ( '6.1', '6', 'CM', 'Expert en cybersécurité' );
insert into Competence(CompetenceId, ParentId, CompetenceTypeId, CompetenceDescription) values ( '6.2', '6', 'CM', 'Auditeur SSI' );
insert into Competence(CompetenceId, ParentId, CompetenceTypeId, CompetenceDescription) values ( '6.3', '6', 'CM', 'RSSI (Resp Sécu SI)' );
insert into Competence(CompetenceId, ParentId, CompetenceTypeId, CompetenceDescription) values ( '7', 'CM', 'CM', 'Management opérationnel' );
insert into Competence(CompetenceId, ParentId, CompetenceTypeId, CompetenceDescription) values ( '7.1', '7', 'CM', 'DSI' );
insert into Competence(CompetenceId, ParentId, CompetenceTypeId, CompetenceDescription) values ( '7.2', '7', 'CM', 'Responsable d''entité' );
insert into Competence(CompetenceId, ParentId, CompetenceTypeId, CompetenceDescription) values ( '7.3', '7', 'CM', 'Responsable télécoms' );
insert into Competence(CompetenceId, ParentId, CompetenceTypeId, CompetenceDescription) values ( '7.4', '7', 'CM', 'Responsable d''exploitation' );
insert into Competence(CompetenceId, ParentId, CompetenceTypeId, CompetenceDescription) values ( '7.5', '7', 'CM', 'Responsable d''études' );
insert into Competence(CompetenceId, ParentId, CompetenceTypeId, CompetenceDescription) values ( '7.6', '7', 'CM', 'Chief Digital Officer' );
insert into Competence(CompetenceId, ParentId, CompetenceTypeId, CompetenceDescription) values ( '7.7', '7', 'CM', 'Responsable Marketing de la DSI' );
insert into Competence(CompetenceId, ParentId, CompetenceTypeId, CompetenceDescription) values ( '8', 'CM', 'CM', 'Données' );
insert into Competence(CompetenceId, ParentId, CompetenceTypeId, CompetenceDescription) values ( '8.1', '8', 'CM', 'Data Scientist' );
insert into Competence(CompetenceId, ParentId, CompetenceTypeId, CompetenceDescription) values ( '8.2', '8', 'CM', 'Data Analyst' );
insert into Competence(CompetenceId, ParentId, CompetenceTypeId, CompetenceDescription) values ( '8.3', '8', 'CM', 'Chief Data Officer' );
insert into Competence(CompetenceId, ParentId, CompetenceTypeId, CompetenceDescription) values ( '8.4', '8', 'CM', 'Data Engineer' );
insert into Competence(CompetenceId, ParentId, CompetenceTypeId, CompetenceDescription) values ( '8.5', '8', 'CM', 'Délégué à la Protection des données (DPO)' );
insert into Competence(CompetenceId, ParentId, CompetenceTypeId, CompetenceDescription) values ( '9', 'CM', 'CM', 'Relation fournisseurs' );
insert into Competence(CompetenceId, ParentId, CompetenceTypeId, CompetenceDescription) values ( '9.1', '9', 'CM', 'Manager de contrat' );
insert into Competence(CompetenceId, ParentId, CompetenceTypeId, CompetenceDescription) values ( '9.2', '9', 'CM', 'Acheteur IT' );
insert into Competence(CompetenceId, ParentId, CompetenceTypeId, CompetenceDescription) values ( '9.3', '9', 'CM', 'Software Asset Manager (SAM)' );
insert into Competence(CompetenceId, ParentId, CompetenceTypeId, CompetenceDescription) values ( '9.4', '9', 'CM', 'Vendor Manager' );
insert into Competence(CompetenceId, ParentId, CompetenceTypeId, CompetenceDescription) values ( 'CT.1', 'CT', 'CT', 'Les logiciels de système' );
insert into Competence(CompetenceId, ParentId, CompetenceTypeId, CompetenceDescription) values ( 'CT.1.1', 'CT.1', 'CT', 'Microsoft Windows XP' );
insert into Competence(CompetenceId, ParentId, CompetenceTypeId, CompetenceDescription) values ( 'CT.1.2', 'CT.1', 'CT', 'Mac OS' );
insert into Competence(CompetenceId, ParentId, CompetenceTypeId, CompetenceDescription) values ( 'CT.1.3', 'CT.1', 'CT', 'Linux' );
insert into Competence(CompetenceId, ParentId, CompetenceTypeId, CompetenceDescription) values ( 'CT.1.4', 'CT.1', 'CT', 'Windows Vista' );
insert into Competence(CompetenceId, ParentId, CompetenceTypeId, CompetenceDescription) values ( 'CT.1.5', 'CT.1', 'CT', 'Ubuntu' );
insert into Competence(CompetenceId, ParentId, CompetenceTypeId, CompetenceDescription) values ( 'CT.2', 'CT', 'CT', 'Les logiciels d’application' );
insert into Competence(CompetenceId, ParentId, CompetenceTypeId, CompetenceDescription) values ( 'CT.2.1', 'CT.2', 'CT', 'MS Office' );
insert into Competence(CompetenceId, ParentId, CompetenceTypeId, CompetenceDescription) values ( 'CT.2.2', 'CT.2', 'CT', 'OpenOffice' );
insert into Competence(CompetenceId, ParentId, CompetenceTypeId, CompetenceDescription) values ( 'CT.3', 'CT', 'CT', 'Les logiciels de programmation' );
insert into Competence(CompetenceId, ParentId, CompetenceTypeId, CompetenceDescription) values ( 'CT.3.1', 'CT.3', 'CT', 'Visuel Basic' );
insert into Competence(CompetenceId, ParentId, CompetenceTypeId, CompetenceDescription) values ( 'CT.3.2', 'CT.3', 'CT', 'C++' );
insert into Competence(CompetenceId, ParentId, CompetenceTypeId, CompetenceDescription) values ( 'CT.3.3', 'CT.3', 'CT', 'CSharp' );
insert into Competence(CompetenceId, ParentId, CompetenceTypeId, CompetenceDescription) values ( 'CT.3.4', 'CT.3', 'CT', 'HTML' );
insert into Competence(CompetenceId, ParentId, CompetenceTypeId, CompetenceDescription) values ( 'CT.3.5', 'CT.3', 'CT', 'Python' );
insert into Competence(CompetenceId, ParentId, CompetenceTypeId, CompetenceDescription) values ( 'CT.3.6', 'CT.3', 'CT', 'JAVA' );
insert into Competence(CompetenceId, ParentId, CompetenceTypeId, CompetenceDescription) values ( 'CT.3.7', 'CT.3', 'CT', 'LINUX' );
insert into Competence(CompetenceId, ParentId, CompetenceTypeId, CompetenceDescription) values ( 'CT.3.8', 'CT.3', 'CT', 'PHP' );
insert into Competence(CompetenceId, ParentId, CompetenceTypeId, CompetenceDescription) values ( 'CT.4', 'CT', 'CT', 'Logiciel de gestion de projet' );
insert into Competence(CompetenceId, ParentId, CompetenceTypeId, CompetenceDescription) values ( 'CT.4.1', 'CT.4', 'CT', 'Microsoft Office Project Server' );
insert into Competence(CompetenceId, ParentId, CompetenceTypeId, CompetenceDescription) values ( 'CT.4.2', 'CT.4', 'CT', 'Clickup' );
insert into Competence(CompetenceId, ParentId, CompetenceTypeId, CompetenceDescription) values ( 'CT.4.3', 'CT.4', 'CT', 'JIRA' );
insert into Competence(CompetenceId, ParentId, CompetenceTypeId, CompetenceDescription) values ( 'CT.5', 'CT', 'CT', 'Les logiciels open source' );
insert into Competence(CompetenceId, ParentId, CompetenceTypeId, CompetenceDescription) values ( 'CT.5.1', 'CT.5', 'CT', 'Android' );
insert into Competence(CompetenceId, ParentId, CompetenceTypeId, CompetenceDescription) values ( 'CT.5.2', 'CT.5', 'CT', 'OpenOffice' );
insert into Competence(CompetenceId, ParentId, CompetenceTypeId, CompetenceDescription) values ( 'LP.1', 'LP', 'LP', 'Anglaise' );
insert into Competence(CompetenceId, ParentId, CompetenceTypeId, CompetenceDescription) values ( 'LP.2', 'LP', 'LP', 'Française' );
insert into Competence(CompetenceId, ParentId, CompetenceTypeId, CompetenceDescription) values ( 'LP.3', 'LP', 'LP', 'Allemande' );
insert into Competence(CompetenceId, ParentId, CompetenceTypeId, CompetenceDescription) values ( 'OM.1', 'OM', 'OM', 'Progiciels' );
insert into Competence(CompetenceId, ParentId, CompetenceTypeId, CompetenceDescription) values ( 'OM.1.1', 'OM.1', 'OM', 'Salesforce' );
insert into Competence(CompetenceId, ParentId, CompetenceTypeId, CompetenceDescription) values ( 'OM.1.2', 'OM.1', 'OM', 'Entreprise Architect' );
insert into Competence(CompetenceId, ParentId, CompetenceTypeId, CompetenceDescription) values ( 'OM.1.3', 'OM.1', 'OM', 'SAP' );
insert into Competence(CompetenceId, ParentId, CompetenceTypeId, CompetenceDescription) values ( 'P1', 'P', 'P', 'BU' );
insert into Competence(CompetenceId, ParentId, CompetenceTypeId, CompetenceDescription) values ( 'P1.1', 'P1', 'P', 'Aix' );
insert into Competence(CompetenceId, ParentId, CompetenceTypeId, CompetenceDescription) values ( 'P1.2', 'P1', 'P', 'Azur' );
insert into Competence(CompetenceId, ParentId, CompetenceTypeId, CompetenceDescription) values ( 'P1.3', 'P1', 'P', 'IdF' );
insert into Competence(CompetenceId, ParentId, CompetenceTypeId, CompetenceDescription) values ( 'P1.4', 'P1', 'P', 'Monaco' );
insert into Competence(CompetenceId, ParentId, CompetenceTypeId, CompetenceDescription) values ( 'P1.5', 'P1', 'P', 'Ouest' );
insert into Competence(CompetenceId, ParentId, CompetenceTypeId, CompetenceDescription) values ( 'P2', 'P', 'P', 'Status' );
insert into Competence(CompetenceId, ParentId, CompetenceTypeId, CompetenceDescription) values ( 'P2.1', 'P2', 'P', 'CDI' );
insert into Competence(CompetenceId, ParentId, CompetenceTypeId, CompetenceDescription) values ( 'P2.2', 'P2', 'P', 'CDI projet' );
insert into Competence(CompetenceId, ParentId, CompetenceTypeId, CompetenceDescription) values ( 'P2.3', 'P2', 'P', 'Indép' );
insert into Competence(CompetenceId, ParentId, CompetenceTypeId, CompetenceDescription) values ( 'P2.4', 'P2', 'P', 'Alternance' );
insert into Competence(CompetenceId, ParentId, CompetenceTypeId, CompetenceDescription) values ( 'P3', 'P', 'P', 'Périmètre' );
insert into Competence(CompetenceId, ParentId, CompetenceTypeId, CompetenceDescription) values ( 'P3.1', 'P3', 'P', 'Digital' );
insert into Competence(CompetenceId, ParentId, CompetenceTypeId, CompetenceDescription) values ( 'P3.10', 'P3', 'P', 'SI Sécurité' );
insert into Competence(CompetenceId, ParentId, CompetenceTypeId, CompetenceDescription) values ( 'P3.11', 'P3', 'P', 'Sourcing' );
insert into Competence(CompetenceId, ParentId, CompetenceTypeId, CompetenceDescription) values ( 'P3.12', 'P3', 'P', 'Stratégie' );
insert into Competence(CompetenceId, ParentId, CompetenceTypeId, CompetenceDescription) values ( 'P3.13', 'P3', 'P', 'Z- Sans objet' );
insert into Competence(CompetenceId, ParentId, CompetenceTypeId, CompetenceDescription) values ( 'P3.2', 'P3', 'P', 'Intelligence Artificielle' );
insert into Competence(CompetenceId, ParentId, CompetenceTypeId, CompetenceDescription) values ( 'P3.3', 'P3', 'P', 'Méthodes-Qualité' );
insert into Competence(CompetenceId, ParentId, CompetenceTypeId, CompetenceDescription) values ( 'P3.4', 'P3', 'P', 'Organisation' );
insert into Competence(CompetenceId, ParentId, CompetenceTypeId, CompetenceDescription) values ( 'P3.5', 'P3', 'P', 'Processus' );
insert into Competence(CompetenceId, ParentId, CompetenceTypeId, CompetenceDescription) values ( 'P3.6', 'P3', 'P', 'Produit - Matériel' );
insert into Competence(CompetenceId, ParentId, CompetenceTypeId, CompetenceDescription) values ( 'P3.7', 'P3', 'P', 'SI Data' );
insert into Competence(CompetenceId, ParentId, CompetenceTypeId, CompetenceDescription) values ( 'P3.8', 'P3', 'P', 'SI Gestion' );
insert into Competence(CompetenceId, ParentId, CompetenceTypeId, CompetenceDescription) values ( 'P3.9', 'P3', 'P', 'SI Industriel' );
insert into Competence(CompetenceId, ParentId, CompetenceTypeId, CompetenceDescription) values ( 'P4', 'P', 'P', 'Domaine' );
insert into Competence(CompetenceId, ParentId, CompetenceTypeId, CompetenceDescription) values ( 'P4.1', 'P4', 'P', 'Achats' );
insert into Competence(CompetenceId, ParentId, CompetenceTypeId, CompetenceDescription) values ( 'P4.10', 'P4', 'P', 'Défense (Métier)' );
insert into Competence(CompetenceId, ParentId, CompetenceTypeId, CompetenceDescription) values ( 'P4.11', 'P4', 'P', 'DG (et directions support)' );
insert into Competence(CompetenceId, ParentId, CompetenceTypeId, CompetenceDescription) values ( 'P4.12', 'P4', 'P', 'DSI' );
insert into Competence(CompetenceId, ParentId, CompetenceTypeId, CompetenceDescription) values ( 'P4.13', 'P4', 'P', 'Energie-Utilities (Métier)' );
insert into Competence(CompetenceId, ParentId, CompetenceTypeId, CompetenceDescription) values ( 'P4.14', 'P4', 'P', 'Industrie (Métier)' );
insert into Competence(CompetenceId, ParentId, CompetenceTypeId, CompetenceDescription) values ( 'P4.15', 'P4', 'P', 'RH' );
insert into Competence(CompetenceId, ParentId, CompetenceTypeId, CompetenceDescription) values ( 'P4.16', 'P4', 'P', 'Santé-Pharmacie (Métier)' );
insert into Competence(CompetenceId, ParentId, CompetenceTypeId, CompetenceDescription) values ( 'P4.17', 'P4', 'P', 'Service (Métier)' );
insert into Competence(CompetenceId, ParentId, CompetenceTypeId, CompetenceDescription) values ( 'P4.18', 'P4', 'P', 'Service Public (Métier)' );
insert into Competence(CompetenceId, ParentId, CompetenceTypeId, CompetenceDescription) values ( 'P4.19', 'P4', 'P', 'Supply Chain' );
insert into Competence(CompetenceId, ParentId, CompetenceTypeId, CompetenceDescription) values ( 'P4.2', 'P4', 'P', 'Aéronautique (métier)' );
insert into Competence(CompetenceId, ParentId, CompetenceTypeId, CompetenceDescription) values ( 'P4.20', 'P4', 'P', 'Transport (Métier)' );
insert into Competence(CompetenceId, ParentId, CompetenceTypeId, CompetenceDescription) values ( 'P4.21', 'P4', 'P', 'Z-Sans objet' );
insert into Competence(CompetenceId, ParentId, CompetenceTypeId, CompetenceDescription) values ( 'P4.3', 'P4', 'P', 'Agroalimentaire (métier)' );
insert into Competence(CompetenceId, ParentId, CompetenceTypeId, CompetenceDescription) values ( 'P4.4', 'P4', 'P', 'Assurances (Métier)' );
insert into Competence(CompetenceId, ParentId, CompetenceTypeId, CompetenceDescription) values ( 'P4.5', 'P4', 'P', 'Autres métiers' );
insert into Competence(CompetenceId, ParentId, CompetenceTypeId, CompetenceDescription) values ( 'P4.6', 'P4', 'P', 'Banque (Métier)' );
insert into Competence(CompetenceId, ParentId, CompetenceTypeId, CompetenceDescription) values ( 'P4.7', 'P4', 'P', 'Commerce et Marketing' );
insert into Competence(CompetenceId, ParentId, CompetenceTypeId, CompetenceDescription) values ( 'P4.8', 'P4', 'P', 'Compta-Finance' );
insert into Competence(CompetenceId, ParentId, CompetenceTypeId, CompetenceDescription) values ( 'P4.9', 'P4', 'P', 'Construction (Métier)' );
insert into Competence(CompetenceId, ParentId, CompetenceTypeId, CompetenceDescription) values ( 'P5', 'P', 'P', 'Type Activité' );
insert into Competence(CompetenceId, ParentId, CompetenceTypeId, CompetenceDescription) values ( 'P5.1', 'P5', 'P', 'Administration' );
insert into Competence(CompetenceId, ParentId, CompetenceTypeId, CompetenceDescription) values ( 'P5.10', 'P5', 'P', 'Intégration logicielle' );
insert into Competence(CompetenceId, ParentId, CompetenceTypeId, CompetenceDescription) values ( 'P5.11', 'P5', 'P', 'Maintenance applicative' );
insert into Competence(CompetenceId, ParentId, CompetenceTypeId, CompetenceDescription) values ( 'P5.12', 'P5', 'P', 'Management de transition' );
insert into Competence(CompetenceId, ParentId, CompetenceTypeId, CompetenceDescription) values ( 'P5.13', 'P5', 'P', 'Pilotage de projets' );
insert into Competence(CompetenceId, ParentId, CompetenceTypeId, CompetenceDescription) values ( 'P5.14', 'P5', 'P', 'Production SI' );
insert into Competence(CompetenceId, ParentId, CompetenceTypeId, CompetenceDescription) values ( 'P5.15', 'P5', 'P', 'R&D Innovation' );
insert into Competence(CompetenceId, ParentId, CompetenceTypeId, CompetenceDescription) values ( 'P5.16', 'P5', 'P', 'Recette applicative' );
insert into Competence(CompetenceId, ParentId, CompetenceTypeId, CompetenceDescription) values ( 'P5.17', 'P5', 'P', 'Statistique' );
insert into Competence(CompetenceId, ParentId, CompetenceTypeId, CompetenceDescription) values ( 'P5.18', 'P5', 'P', 'Z-Sans Objet' );
insert into Competence(CompetenceId, ParentId, CompetenceTypeId, CompetenceDescription) values ( 'P5.2', 'P5', 'P', 'AMOE Dev' );
insert into Competence(CompetenceId, ParentId, CompetenceTypeId, CompetenceDescription) values ( 'P5.3', 'P5', 'P', 'AMOE Infra' );
insert into Competence(CompetenceId, ParentId, CompetenceTypeId, CompetenceDescription) values ( 'P5.4', 'P5', 'P', 'Architecture' );
insert into Competence(CompetenceId, ParentId, CompetenceTypeId, CompetenceDescription) values ( 'P5.5', 'P5', 'P', 'Business Analysis' );
insert into Competence(CompetenceId, ParentId, CompetenceTypeId, CompetenceDescription) values ( 'P5.6', 'P5', 'P', 'Conduite du changement' );
insert into Competence(CompetenceId, ParentId, CompetenceTypeId, CompetenceDescription) values ( 'P5.7', 'P5', 'P', 'Conseil, Audit, Diag' );
insert into Competence(CompetenceId, ParentId, CompetenceTypeId, CompetenceDescription) values ( 'P5.8', 'P5', 'P', 'Formation' );
insert into Competence(CompetenceId, ParentId, CompetenceTypeId, CompetenceDescription) values ( 'P5.9', 'P5', 'P', 'Ingénierie' );
insert into Competence(CompetenceId, ParentId, CompetenceTypeId, CompetenceDescription) values ( 'P6', 'P', 'P', 'séniorité' );
insert into Competence(CompetenceId, ParentId, CompetenceTypeId, CompetenceDescription) values ( 'P6.1', 'P6', 'P', 'A 0 à 2 ans' );
insert into Competence(CompetenceId, ParentId, CompetenceTypeId, CompetenceDescription) values ( 'P6.2', 'P6', 'P', 'B 2 à 5 ans' );
insert into Competence(CompetenceId, ParentId, CompetenceTypeId, CompetenceDescription) values ( 'P6.3', 'P6', 'P', 'C 5 à 10 ans' );
insert into Competence(CompetenceId, ParentId, CompetenceTypeId, CompetenceDescription) values ( 'P6.4', 'P6', 'P', 'D 10 ans et +' );
insert into Competence(CompetenceId, ParentId, CompetenceTypeId, CompetenceDescription) values ( 'P6.5', 'P6', 'P', 'E stagiaire' );



insert Niveau(NiveauId, NiveauNom, CompetenceTypeId, NiveauDescription) values('1', 'Notions', 'CM', 'Notions');
insert Niveau(NiveauId, NiveauNom, CompetenceTypeId, NiveauDescription) values('2', 'Intermédiaire', 'CM', 'Intermédiaire');
insert Niveau(NiveauId, NiveauNom, CompetenceTypeId, NiveauDescription) values('3', 'Maitrise', 'CM', 'Maitrise');
insert Niveau(NiveauId, NiveauNom, CompetenceTypeId, NiveauDescription) values('4', 'Expertise', 'CM', 'Expertise');

insert Niveau(NiveauId, NiveauNom, CompetenceTypeId, NiveauDescription) values('1', 'Notions', 'OM', 'Notions');
insert Niveau(NiveauId, NiveauNom, CompetenceTypeId, NiveauDescription) values('2', 'Intermédiaire', 'OM', 'Intermédiaire');
insert Niveau(NiveauId, NiveauNom, CompetenceTypeId, NiveauDescription) values('3', 'Maitrise', 'OM', 'Maitrise');
insert Niveau(NiveauId, NiveauNom, CompetenceTypeId, NiveauDescription) values('4', 'Expertise', 'OM', 'Expertise');


insert Niveau(NiveauId, NiveauNom, CompetenceTypeId, NiveauDescription) values('1', 'Notions', 'CT', 'Notions');
insert Niveau(NiveauId, NiveauNom, CompetenceTypeId, NiveauDescription) values('2', 'Intermédiaire', 'CT', 'Intermédiaire');
insert Niveau(NiveauId, NiveauNom, CompetenceTypeId, NiveauDescription) values('3', 'Maitrise', 'CT', 'Maitrise');
insert Niveau(NiveauId, NiveauNom, CompetenceTypeId, NiveauDescription) values('4', 'Expertise', 'CT', 'Expertise');


insert Niveau(NiveauId, NiveauNom, CompetenceTypeId, NiveauDescription) values('C3', 'Bilingue', 'LP', 'Langue maternelle / bilingue');
insert Niveau(NiveauId, NiveauNom, CompetenceTypeId, NiveauDescription) values('C2', 'Supérieur / courant', 'LP', 'Niveau professionnel complet');
insert Niveau(NiveauId, NiveauNom, CompetenceTypeId, NiveauDescription) values('C1', 'Avancé', 'LP', 'Niveau professionnel');
insert Niveau(NiveauId, NiveauNom, CompetenceTypeId, NiveauDescription) values('B2', 'Intermédiaire avancé', 'LP', 'Niveau professionnel limité');
insert Niveau(NiveauId, NiveauNom, CompetenceTypeId, NiveauDescription) values('B1', 'Intermédiaire', 'LP', 'Niveau professionnel limité');
insert Niveau(NiveauId, NiveauNom, CompetenceTypeId, NiveauDescription) values('A2', 'Pré intermédiaire', 'LP', 'Niveau élémentaire');
insert Niveau(NiveauId, NiveauNom, CompetenceTypeId, NiveauDescription) values('A1', 'Basique', 'LP', 'Niveau élémentaire');

insert into consultant(ConsultantId, email, pswd, Nom, Prenom) values ( 169, 'a', sha1('a'), 'Juan', 'Mary' );
insert into consultant(ConsultantId, email, pswd, Nom, Prenom) values ( 170, 'Wayne@Patricia', sha1('WaynePatricia'), 'Wayne', 'Patricia' );
insert into consultant(ConsultantId, email, pswd, Nom, Prenom) values ( 46 , 'Elijah@Jennifer', sha1('ElijahJennifer'), 'Elijah', 'Jennifer' );
insert into consultant(ConsultantId, email, pswd, Nom, Prenom) values ( 47 , 'Randy@Linda', sha1('RandyLinda'), 'Randy', 'Linda' );
insert into consultant(ConsultantId, email, pswd, Nom, Prenom) values ( 48 , 'Roy@Elizabeth', sha1('RoyElizabeth'), 'Roy', 'Elizabeth' );
insert into consultant(ConsultantId, email, pswd, Nom, Prenom) values ( 171, 'Vincent@Barbara', sha1('VincentBarbara'), 'Vincent', 'Barbara' );
insert into consultant(ConsultantId, email, pswd, Nom, Prenom) values ( 49 , 'Ralph@Susan', sha1('RalphSusan'), 'Ralph', 'Susan' );
insert into consultant(ConsultantId, email, pswd, Nom, Prenom) values ( 50 , 'Eugene@Karen', sha1('EugeneKaren'), 'Eugene', 'Karen' );
insert into consultant(ConsultantId, email, pswd, Nom, Prenom) values ( 1  , 'Russell@Nancy', sha1('RussellNancy'), 'Russell', 'Nancy' );
insert into consultant(ConsultantId, email, pswd, Nom, Prenom) values ( 2  , 'Bobby@Betty', sha1('BobbyBetty'), 'Bobby', 'Betty' );
insert into consultant(ConsultantId, email, pswd, Nom, Prenom) values ( 120, 'Mason@Margaret', sha1('MasonMargaret'), 'Mason', 'Margaret' );
insert into consultant(ConsultantId, email, pswd, Nom, Prenom) values ( 51 , 'Philip@Sandra', sha1('PhilipSandra'), 'Philip', 'Sandra' );
insert into consultant(ConsultantId, email, pswd, Nom, Prenom) values ( 3  , 'Louis@Ashley', sha1('LouisAshley'), 'Louis', 'Ashley' );
insert into consultant(ConsultantId, email, pswd, Nom, Prenom) values ( 4  , 'James@Kimberly', sha1('JamesKimberly'), 'James', 'Kimberly' );
insert into consultant(ConsultantId, email, pswd, Nom, Prenom) values ( 52 , 'Robert@Emily', sha1('RobertEmily'), 'Robert', 'Emily' );
insert into consultant(ConsultantId, email, pswd, Nom, Prenom) values ( 172, 'John@Donna', sha1('JohnDonna'), 'John', 'Donna' );
insert into consultant(ConsultantId, email, pswd, Nom, Prenom) values ( 53 , 'Michael@Michelle', sha1('MichaelMichelle'), 'Michael', 'Michelle' );
insert into consultant(ConsultantId, email, pswd, Nom, Prenom) values ( 54 , 'David@Carol', sha1('DavidCarol'), 'David', 'Carol' );
insert into consultant(ConsultantId, email, pswd, Nom, Prenom) values ( 121, 'William@Amanda', sha1('WilliamAmanda'), 'William', 'Amanda' );
insert into consultant(ConsultantId, email, pswd, Nom, Prenom) values ( 173, 'Richard@Melissa', sha1('RichardMelissa'), 'Richard', 'Melissa' );
insert into consultant(ConsultantId, email, pswd, Nom, Prenom) values ( 55 , 'Joseph@Deborah', sha1('JosephDeborah'), 'Joseph', 'Deborah' );
insert into consultant(ConsultantId, email, pswd, Nom, Prenom) values ( 122, 'Thomas@Stephanie', sha1('ThomasStephanie'), 'Thomas', 'Stephanie' );
insert into consultant(ConsultantId, email, pswd, Nom, Prenom) values ( 160, 'Charles@Rebecca', sha1('CharlesRebecca'), 'Charles', 'Rebecca' );
insert into consultant(ConsultantId, email, pswd, Nom, Prenom) values ( 174, 'Christopher@Sharon', sha1('ChristopherSharon'), 'Christopher', 'Sharon' );
insert into consultant(ConsultantId, email, pswd, Nom, Prenom) values ( 175, 'Daniel@Laura', sha1('DanielLaura'), 'Daniel', 'Laura' );
insert into consultant(ConsultantId, email, pswd, Nom, Prenom) values ( 56 , 'Matthew@Cynthia', sha1('MatthewCynthia'), 'Matthew', 'Cynthia' );
insert into consultant(ConsultantId, email, pswd, Nom, Prenom) values ( 57 , 'Anthony@Kathleen', sha1('AnthonyKathleen'), 'Anthony', 'Kathleen' );
insert into consultant(ConsultantId, email, pswd, Nom, Prenom) values ( 176, 'Mark@Angela', sha1('MarkAngela'), 'Mark', 'Angela' );
insert into consultant(ConsultantId, email, pswd, Nom, Prenom) values ( 177, 'Donald@Shirley', sha1('DonaldShirley'), 'Donald', 'Shirley' );
insert into consultant(ConsultantId, email, pswd, Nom, Prenom) values ( 58 , 'Steven@Brenda', sha1('StevenBrenda'), 'Steven', 'Brenda' );
insert into consultant(ConsultantId, email, pswd, Nom, Prenom) values ( 59 , 'Paul@Pamela', sha1('PaulPamela'), 'Paul', 'Pamela' );
insert into consultant(ConsultantId, email, pswd, Nom, Prenom) values ( 178, 'Andrew@Nicole', sha1('AndrewNicole'), 'Andrew', 'Nicole' );
insert into consultant(ConsultantId, email, pswd, Nom, Prenom) values ( 5  , 'Joshua@Helen', sha1('JoshuaHelen'), 'Joshua', 'Helen' );
insert into consultant(ConsultantId, email, pswd, Nom, Prenom) values ( 60 , 'Kenneth@Samantha', sha1('KennethSamantha'), 'Kenneth', 'Samantha' );
insert into consultant(ConsultantId, email, pswd, Nom, Prenom) values ( 6  , 'Kevin@Katherine', sha1('KevinKatherine'), 'Kevin', 'Katherine' );
insert into consultant(ConsultantId, email, pswd, Nom, Prenom) values ( 7  , 'Brian@Christine', sha1('BrianChristine'), 'Brian', 'Christine' );
insert into consultant(ConsultantId, email, pswd, Nom, Prenom) values ( 123, 'George@Debra', sha1('GeorgeDebra'), 'George', 'Debra' );
insert into consultant(ConsultantId, email, pswd, Nom, Prenom) values ( 8  , 'Timothy@Rachel', sha1('TimothyRachel'), 'Timothy', 'Rachel' );
insert into consultant(ConsultantId, email, pswd, Nom, Prenom) values ( 179, 'Ronald@Carolyn', sha1('RonaldCarolyn'), 'Ronald', 'Carolyn' );
insert into consultant(ConsultantId, email, pswd, Nom, Prenom) values ( 9  , 'Edward@Janet', sha1('EdwardJanet'), 'Edward', 'Janet' );
insert into consultant(ConsultantId, email, pswd, Nom, Prenom) values ( 180, 'Jason@Catherine', sha1('JasonCatherine'), 'Jason', 'Catherine' );
insert into consultant(ConsultantId, email, pswd, Nom, Prenom) values ( 61 , 'Jeffrey@Maria', sha1('JeffreyMaria'), 'Jeffrey', 'Maria' );
insert into consultant(ConsultantId, email, pswd, Nom, Prenom) values ( 181, 'Ryan@Heather', sha1('RyanHeather'), 'Ryan', 'Heather' );
insert into consultant(ConsultantId, email, pswd, Nom, Prenom) values ( 211, 'Jacob@Diane', sha1('JacobDiane'), 'Jacob', 'Diane' );
insert into consultant(ConsultantId, email, pswd, Nom, Prenom) values ( 124, 'Gary@Julie', sha1('GaryJulie'), 'Gary', 'Julie' );
insert into consultant(ConsultantId, email, pswd, Nom, Prenom) values ( 182, 'Nicholas@Olivia', sha1('NicholasOlivia'), 'Nicholas', 'Olivia' );
insert into consultant(ConsultantId, email, pswd, Nom, Prenom) values ( 10 , 'Eric@Joyce', sha1('EricJoyce'), 'Eric', 'Joyce' );
insert into consultant(ConsultantId, email, pswd, Nom, Prenom) values ( 213, 'Jonathan@Virginia', sha1('JonathanVirginia'), 'Jonathan', 'Virginia' );
insert into consultant(ConsultantId, email, pswd, Nom, Prenom) values ( 11 , 'Patricia@Victoria', sha1('PatriciaVictoria'), 'Patricia', 'Victoria' );
insert into consultant(ConsultantId, email, pswd, Nom, Prenom) values ( 12 , 'Jennifer@Kelly', sha1('JenniferKelly'), 'Jennifer', 'Kelly' );
insert into consultant(ConsultantId, email, pswd, Nom, Prenom) values ( 13 , 'Linda@Lauren', sha1('LindaLauren'), 'Linda', 'Lauren' );
insert into consultant(ConsultantId, email, pswd, Nom, Prenom) values ( 183, 'Elizabeth@Christina', sha1('ElizabethChristina'), 'Elizabeth', 'Christina' );
insert into consultant(ConsultantId, email, pswd, Nom, Prenom) values ( 62 , 'Barbara@Joan', sha1('BarbaraJoan'), 'Barbara', 'Joan' );
insert into consultant(ConsultantId, email, pswd, Nom, Prenom) values ( 63 , 'Susan@Evelyn', sha1('SusanEvelyn'), 'Susan', 'Evelyn' );
insert into consultant(ConsultantId, email, pswd, Nom, Prenom) values ( 64 , 'Karen@Judith', sha1('KarenJudith'), 'Karen', 'Judith' );
insert into consultant(ConsultantId, email, pswd, Nom, Prenom) values ( 14 , 'Nancy@Megan', sha1('NancyMegan'), 'Nancy', 'Megan' );
insert into consultant(ConsultantId, email, pswd, Nom, Prenom) values ( 65 , 'Betty@Andrea', sha1('BettyAndrea'), 'Betty', 'Andrea' );
insert into consultant(ConsultantId, email, pswd, Nom, Prenom) values ( 66 , 'Margaret@Cheryl', sha1('MargaretCheryl'), 'Margaret', 'Cheryl' );
insert into consultant(ConsultantId, email, pswd, Nom, Prenom) values ( 67 , 'Sandra@Hannah', sha1('SandraHannah'), 'Sandra', 'Hannah' );
insert into consultant(ConsultantId, email, pswd, Nom, Prenom) values ( 184, 'Ashley@Jacqueline', sha1('AshleyJacqueline'), 'Ashley', 'Jacqueline' );
insert into consultant(ConsultantId, email, pswd, Nom, Prenom) values ( 68 , 'Kimberly@Martha', sha1('KimberlyMartha'), 'Kimberly', 'Martha' );
insert into consultant(ConsultantId, email, pswd, Nom, Prenom) values ( 125, 'Emily@Gloria', sha1('EmilyGloria'), 'Emily', 'Gloria' );
insert into consultant(ConsultantId, email, pswd, Nom, Prenom) values ( 161, 'Donna@Teresa', sha1('DonnaTeresa'), 'Donna', 'Teresa' );
insert into consultant(ConsultantId, email, pswd, Nom, Prenom) values ( 126, 'Michelle@Ann', sha1('MichelleAnn'), 'Michelle', 'Ann' );
insert into consultant(ConsultantId, email, pswd, Nom, Prenom) values ( 201, 'Carol@Sara', sha1('CarolSara'), 'Carol', 'Sara' );
insert into consultant(ConsultantId, email, pswd, Nom, Prenom) values ( 69 , 'Amanda@Madison', sha1('AmandaMadison'), 'Amanda', 'Madison' );
insert into consultant(ConsultantId, email, pswd, Nom, Prenom) values ( 15 , 'Melissa@Frances', sha1('MelissaFrances'), 'Melissa', 'Frances' );
insert into consultant(ConsultantId, email, pswd, Nom, Prenom) values ( 127, 'Deborah@Kathryn', sha1('DeborahKathryn'), 'Deborah', 'Kathryn' );
insert into consultant(ConsultantId, email, pswd, Nom, Prenom) values ( 16 , 'Stephanie@Janice', sha1('StephanieJanice'), 'Stephanie', 'Janice' );
insert into consultant(ConsultantId, email, pswd, Nom, Prenom) values ( 162, 'Rebecca@Jean', sha1('RebeccaJean'), 'Rebecca', 'Jean' );
insert into consultant(ConsultantId, email, pswd, Nom, Prenom) values ( 70 , 'Sharon@Abigail', sha1('SharonAbigail'), 'Sharon', 'Abigail' );
insert into consultant(ConsultantId, email, pswd, Nom, Prenom) values ( 128, 'Laura@Alice', sha1('LauraAlice'), 'Laura', 'Alice' );
insert into consultant(ConsultantId, email, pswd, Nom, Prenom) values ( 17 , 'Cynthia@Julia', sha1('CynthiaJulia'), 'Cynthia', 'Julia' );
insert into consultant(ConsultantId, email, pswd, Nom, Prenom) values ( 71 , 'Kathleen@Judy', sha1('KathleenJudy'), 'Kathleen', 'Judy' );
insert into consultant(ConsultantId, email, pswd, Nom, Prenom) values ( 210, 'Angela@Sophia', sha1('AngelaSophia'), 'Angela', 'Sophia' );
insert into consultant(ConsultantId, email, pswd, Nom, Prenom) values ( 185, 'Shirley@Grace', sha1('ShirleyGrace'), 'Shirley', 'Grace' );
insert into consultant(ConsultantId, email, pswd, Nom, Prenom) values ( 129, 'Brenda@Denise', sha1('BrendaDenise'), 'Brenda', 'Denise' );
insert into consultant(ConsultantId, email, pswd, Nom, Prenom) values ( 72 , 'Pamela@Amber', sha1('PamelaAmber'), 'Pamela', 'Amber' );
insert into consultant(ConsultantId, email, pswd, Nom, Prenom) values ( 130, 'Nicole@Doris', sha1('NicoleDoris'), 'Nicole', 'Doris' );
insert into consultant(ConsultantId, email, pswd, Nom, Prenom) values ( 73 , 'Helen@Marilyn', sha1('HelenMarilyn'), 'Helen', 'Marilyn' );
insert into consultant(ConsultantId, email, pswd, Nom, Prenom) values ( 44 , 'Samantha@Danielle', sha1('SamanthaDanielle'), 'Samantha', 'Danielle' );
insert into consultant(ConsultantId, email, pswd, Nom, Prenom) values ( 163, 'Katherine@Beverly', sha1('KatherineBeverly'), 'Katherine', 'Beverly' );
insert into consultant(ConsultantId, email, pswd, Nom, Prenom) values ( 186, 'Christine@Isabella', sha1('ChristineIsabella'), 'Christine', 'Isabella' );
insert into consultant(ConsultantId, email, pswd, Nom, Prenom) values ( 187, 'Debra@Theresa', sha1('DebraTheresa'), 'Debra', 'Theresa' );
insert into consultant(ConsultantId, email, pswd, Nom, Prenom) values ( 74 , 'Rachel@Diana', sha1('RachelDiana'), 'Rachel', 'Diana' );
insert into consultant(ConsultantId, email, pswd, Nom, Prenom) values ( 75 , 'Carolyn@Natalie', sha1('CarolynNatalie'), 'Carolyn', 'Natalie' );
insert into consultant(ConsultantId, email, pswd, Nom, Prenom) values ( 18 , 'Janet@Brittany', sha1('JanetBrittany'), 'Janet', 'Brittany' );
insert into consultant(ConsultantId, email, pswd, Nom, Prenom) values ( 188, 'Catherine@Charlotte', sha1('CatherineCharlotte'), 'Catherine', 'Charlotte' );
insert into consultant(ConsultantId, email, pswd, Nom, Prenom) values ( 131, 'Maria@Marie', sha1('MariaMarie'), 'Maria', 'Marie' );
insert into consultant(ConsultantId, email, pswd, Nom, Prenom) values ( 189, 'Heather@Kayla', sha1('HeatherKayla'), 'Heather', 'Kayla' );
insert into consultant(ConsultantId, email, pswd, Nom, Prenom) values ( 19 , 'Diane@Alexis', sha1('DianeAlexis'), 'Diane', 'Alexis' );
insert into consultant(ConsultantId, email, pswd, Nom, Prenom) values ( 190, 'Julie@Lori', sha1('JulieLori'), 'Julie', 'Lori' );
insert into consultant(ConsultantId, email, pswd, Nom, Prenom) values ( 76 , 'Olivia@James', sha1('OliviaJames'), 'Olivia', 'James' );
insert into consultant(ConsultantId, email, pswd, Nom, Prenom) values ( 20 , 'Joyce@Robert', sha1('JoyceRobert'), 'Joyce', 'Robert' );
insert into consultant(ConsultantId, email, pswd, Nom, Prenom) values ( 132, 'Virginia@John', sha1('VirginiaJohn'), 'Virginia', 'John' );
insert into consultant(ConsultantId, email, pswd, Nom, Prenom) values ( 21 , 'Victoria@Michael', sha1('VictoriaMichael'), 'Victoria', 'Michael' );
insert into consultant(ConsultantId, email, pswd, Nom, Prenom) values ( 77 , 'Kelly@David', sha1('KellyDavid'), 'Kelly', 'David' );
insert into consultant(ConsultantId, email, pswd, Nom, Prenom) values ( 78 , 'Lauren@William', sha1('LaurenWilliam'), 'Lauren', 'William' );
insert into consultant(ConsultantId, email, pswd, Nom, Prenom) values ( 22 , 'Christina@Richard', sha1('ChristinaRichard'), 'Christina', 'Richard' );
insert into consultant(ConsultantId, email, pswd, Nom, Prenom) values ( 164, 'Joan@Joseph', sha1('JoanJoseph'), 'Joan', 'Joseph' );
insert into consultant(ConsultantId, email, pswd, Nom, Prenom) values ( 23 , 'Evelyn@Thomas', sha1('EvelynThomas'), 'Evelyn', 'Thomas' );
insert into consultant(ConsultantId, email, pswd, Nom, Prenom) values ( 191, 'Judith@Charles', sha1('JudithCharles'), 'Judith', 'Charles' );
insert into consultant(ConsultantId, email, pswd, Nom, Prenom) values ( 192, 'Megan@Christopher', sha1('MeganChristopher'), 'Megan', 'Christopher' );
insert into consultant(ConsultantId, email, pswd, Nom, Prenom) values ( 133, 'Andrea@Daniel', sha1('AndreaDaniel'), 'Andrea', 'Daniel' );
insert into consultant(ConsultantId, email, pswd, Nom, Prenom) values ( 24 , 'Cheryl@Matthew', sha1('CherylMatthew'), 'Cheryl', 'Matthew' );
insert into consultant(ConsultantId, email, pswd, Nom, Prenom) values ( 25 , 'Hannah@Anthony', sha1('HannahAnthony'), 'Hannah', 'Anthony' );
insert into consultant(ConsultantId, email, pswd, Nom, Prenom) values ( 26 , 'Jacqueline@Mark', sha1('JacquelineMark'), 'Jacqueline', 'Mark' );
insert into consultant(ConsultantId, email, pswd, Nom, Prenom) values ( 193, 'Martha@Donald', sha1('MarthaDonald'), 'Martha', 'Donald' );
insert into consultant(ConsultantId, email, pswd, Nom, Prenom) values ( 79 , 'Gloria@Steven', sha1('GloriaSteven'), 'Gloria', 'Steven' );
insert into consultant(ConsultantId, email, pswd, Nom, Prenom) values ( 80 , 'Teresa@Paul', sha1('TeresaPaul'), 'Teresa', 'Paul' );
insert into consultant(ConsultantId, email, pswd, Nom, Prenom) values ( 27 , 'Ann@Andrew', sha1('AnnAndrew'), 'Ann', 'Andrew' );
insert into consultant(ConsultantId, email, pswd, Nom, Prenom) values ( 194, 'Sara@Joshua', sha1('SaraJoshua'), 'Sara', 'Joshua' );
insert into consultant(ConsultantId, email, pswd, Nom, Prenom) values ( 28 , 'Madison@Kenneth', sha1('MadisonKenneth'), 'Madison', 'Kenneth' );
insert into consultant(ConsultantId, email, pswd, Nom, Prenom) values ( 81 , 'Frances@Kevin', sha1('FrancesKevin'), 'Frances', 'Kevin' );
insert into consultant(ConsultantId, email, pswd, Nom, Prenom) values ( 134, 'Kathryn@Brian', sha1('KathrynBrian'), 'Kathryn', 'Brian' );
insert into consultant(ConsultantId, email, pswd, Nom, Prenom) values ( 135, 'Janice@George', sha1('JaniceGeorge'), 'Janice', 'George' );
insert into consultant(ConsultantId, email, pswd, Nom, Prenom) values ( 195, 'Jean@Timothy', sha1('JeanTimothy'), 'Jean', 'Timothy' );
insert into consultant(ConsultantId, email, pswd, Nom, Prenom) values ( 196, 'Abigail@Ronald', sha1('AbigailRonald'), 'Abigail', 'Ronald' );
insert into consultant(ConsultantId, email, pswd, Nom, Prenom) values ( 136, 'Alice@Edward', sha1('AliceEdward'), 'Alice', 'Edward' );
insert into consultant(ConsultantId, email, pswd, Nom, Prenom) values ( 82 , 'Julia@Jason', sha1('JuliaJason'), 'Julia', 'Jason' );
insert into consultant(ConsultantId, email, pswd, Nom, Prenom) values ( 83 , 'Judy@Jeffrey', sha1('JudyJeffrey'), 'Judy', 'Jeffrey' );
insert into consultant(ConsultantId, email, pswd, Nom, Prenom) values ( 29 , 'Sophia@Ryan', sha1('SophiaRyan'), 'Sophia', 'Ryan' );
insert into consultant(ConsultantId, email, pswd, Nom, Prenom) values ( 84 , 'Grace@Jacob', sha1('GraceJacob'), 'Grace', 'Jacob' );
insert into consultant(ConsultantId, email, pswd, Nom, Prenom) values ( 30 , 'Denise@Gary', sha1('DeniseGary'), 'Denise', 'Gary' );
insert into consultant(ConsultantId, email, pswd, Nom, Prenom) values ( 197, 'Amber@Nicholas', sha1('AmberNicholas'), 'Amber', 'Nicholas' );
insert into consultant(ConsultantId, email, pswd, Nom, Prenom) values ( 31 , 'Doris@Eric', sha1('DorisEric'), 'Doris', 'Eric' );
insert into consultant(ConsultantId, email, pswd, Nom, Prenom) values ( 85 , 'Marilyn@Jonathan', sha1('MarilynJonathan'), 'Marilyn', 'Jonathan' );
insert into consultant(ConsultantId, email, pswd, Nom, Prenom) values ( 137, 'Danielle@Stephen', sha1('DanielleStephen'), 'Danielle', 'Stephen' );
insert into consultant(ConsultantId, email, pswd, Nom, Prenom) values ( 86 , 'Beverly@Larry', sha1('BeverlyLarry'), 'Beverly', 'Larry' );
insert into consultant(ConsultantId, email, pswd, Nom, Prenom) values ( 138, 'Isabella@Justin', sha1('IsabellaJustin'), 'Isabella', 'Justin' );
insert into consultant(ConsultantId, email, pswd, Nom, Prenom) values ( 198, 'Theresa@Scott', sha1('TheresaScott'), 'Theresa', 'Scott' );
insert into consultant(ConsultantId, email, pswd, Nom, Prenom) values ( 87 , 'Diana@Brandon', sha1('DianaBrandon'), 'Diana', 'Brandon' );
insert into consultant(ConsultantId, email, pswd, Nom, Prenom) values ( 88 , 'Natalie@Benjamin', sha1('NatalieBenjamin'), 'Natalie', 'Benjamin' );
insert into consultant(ConsultantId, email, pswd, Nom, Prenom) values ( 199, 'Brittany@Samuel', sha1('BrittanySamuel'), 'Brittany', 'Samuel' );
insert into consultant(ConsultantId, email, pswd, Nom, Prenom) values ( 89 , 'Charlotte@Gregory', sha1('CharlotteGregory'), 'Charlotte', 'Gregory' );
insert into consultant(ConsultantId, email, pswd, Nom, Prenom) values ( 200, 'Marie@Alexander', sha1('MarieAlexander'), 'Marie', 'Alexander' );
insert into consultant(ConsultantId, email, pswd, Nom, Prenom) values ( 139, 'Kayla@Frank', sha1('KaylaFrank'), 'Kayla', 'Frank' );
insert into consultant(ConsultantId, email, pswd, Nom, Prenom) values ( 140, 'Alexis@Patrick', sha1('AlexisPatrick'), 'Alexis', 'Patrick' );
insert into consultant(ConsultantId, email, pswd, Nom, Prenom) values ( 141, 'Lori@Raymond', sha1('LoriRaymond'), 'Lori', 'Raymond' );
insert into consultant(ConsultantId, email, pswd, Nom, Prenom) values ( 142, 'James@Jack', sha1('JamesJack'), 'James', 'Jack' );
insert into consultant(ConsultantId, email, pswd, Nom, Prenom) values ( 90 , 'Robert@Dennis', sha1('RobertDennis'), 'Robert', 'Dennis' );
insert into consultant(ConsultantId, email, pswd, Nom, Prenom) values ( 212, 'John@Jerry', sha1('JohnJerry'), 'John', 'Jerry' );
insert into consultant(ConsultantId, email, pswd, Nom, Prenom) values ( 91 , 'Michael@Tyler', sha1('MichaelTyler'), 'Michael', 'Tyler' );
insert into consultant(ConsultantId, email, pswd, Nom, Prenom) values ( 92 , 'David@Aaron', sha1('DavidAaron'), 'David', 'Aaron' );
insert into consultant(ConsultantId, email, pswd, Nom, Prenom) values ( 143, 'William@Jose', sha1('WilliamJose'), 'William', 'Jose' );
insert into consultant(ConsultantId, email, pswd, Nom, Prenom) values ( 32 , 'Richard@Adam', sha1('RichardAdam'), 'Richard', 'Adam' );
insert into consultant(ConsultantId, email, pswd, Nom, Prenom) values ( 93 , 'Joseph@Nathan', sha1('JosephNathan'), 'Joseph', 'Nathan' );
insert into consultant(ConsultantId, email, pswd, Nom, Prenom) values ( 33 , 'Thomas@Henry', sha1('ThomasHenry'), 'Thomas', 'Henry' );
insert into consultant(ConsultantId, email, pswd, Nom, Prenom) values ( 94 , 'Charles@Douglas', sha1('CharlesDouglas'), 'Charles', 'Douglas' );
insert into consultant(ConsultantId, email, pswd, Nom, Prenom) values ( 202, 'Christopher@Zachary', sha1('ChristopherZachary'), 'Christopher', 'Zachary' );
insert into consultant(ConsultantId, email, pswd, Nom, Prenom) values ( 34 , 'Daniel@Peter', sha1('DanielPeter'), 'Daniel', 'Peter' );
insert into consultant(ConsultantId, email, pswd, Nom, Prenom) values ( 95 , 'Matthew@Kyle', sha1('MatthewKyle'), 'Matthew', 'Kyle' );
insert into consultant(ConsultantId, email, pswd, Nom, Prenom) values ( 203, 'Anthony@Ethan', sha1('AnthonyEthan'), 'Anthony', 'Ethan' );
insert into consultant(ConsultantId, email, pswd, Nom, Prenom) values ( 35 , 'Mark@Walter', sha1('MarkWalter'), 'Mark', 'Walter' );
insert into consultant(ConsultantId, email, pswd, Nom, Prenom) values ( 96 , 'Donald@Noah', sha1('DonaldNoah'), 'Donald', 'Noah' );
insert into consultant(ConsultantId, email, pswd, Nom, Prenom) values ( 144, 'Steven@Jeremy', sha1('StevenJeremy'), 'Steven', 'Jeremy' );
insert into consultant(ConsultantId, email, pswd, Nom, Prenom) values ( 145, 'Paul@Christian', sha1('PaulChristian'), 'Paul', 'Christian' );
insert into consultant(ConsultantId, email, pswd, Nom, Prenom) values ( 165, 'Andrew@Keith', sha1('AndrewKeith'), 'Andrew', 'Keith' );
insert into consultant(ConsultantId, email, pswd, Nom, Prenom) values ( 166, 'Joshua@Roger', sha1('JoshuaRoger'), 'Joshua', 'Roger' );
insert into consultant(ConsultantId, email, pswd, Nom, Prenom) values ( 167, 'Kenneth@Terry', sha1('KennethTerry'), 'Kenneth', 'Terry' );
insert into consultant(ConsultantId, email, pswd, Nom, Prenom) values ( 36 , 'Kevin@Gerald', sha1('KevinGerald'), 'Kevin', 'Gerald' );
insert into consultant(ConsultantId, email, pswd, Nom, Prenom) values ( 97 , 'Brian@Harold', sha1('BrianHarold'), 'Brian', 'Harold' );
insert into consultant(ConsultantId, email, pswd, Nom, Prenom) values ( 98 , 'George@Sean', sha1('GeorgeSean'), 'George', 'Sean' );
insert into consultant(ConsultantId, email, pswd, Nom, Prenom) values ( 204, 'Timothy@Austin', sha1('TimothyAustin'), 'Timothy', 'Austin' );
insert into consultant(ConsultantId, email, pswd, Nom, Prenom) values ( 99 , 'Ronald@Carl', sha1('RonaldCarl'), 'Ronald', 'Carl' );
insert into consultant(ConsultantId, email, pswd, Nom, Prenom) values ( 100, 'Edward@Arthur', sha1('EdwardArthur'), 'Edward', 'Arthur' );
insert into consultant(ConsultantId, email, pswd, Nom, Prenom) values ( 101, 'Jason@Lawrence', sha1('JasonLawrence'), 'Jason', 'Lawrence' );
insert into consultant(ConsultantId, email, pswd, Nom, Prenom) values ( 146, 'Jeffrey@Dylan', sha1('JeffreyDylan'), 'Jeffrey', 'Dylan' );
insert into consultant(ConsultantId, email, pswd, Nom, Prenom) values ( 102, 'Ryan@Jesse', sha1('RyanJesse'), 'Ryan', 'Jesse' );
insert into consultant(ConsultantId, email, pswd, Nom, Prenom) values ( 103, 'Jacob@Jordan', sha1('JacobJordan'), 'Jacob', 'Jordan' );
insert into consultant(ConsultantId, email, pswd, Nom, Prenom) values ( 205, 'Gary@Bryan', sha1('GaryBryan'), 'Gary', 'Bryan' );
insert into consultant(ConsultantId, email, pswd, Nom, Prenom) values ( 104, 'Nicholas@Billy', sha1('NicholasBilly'), 'Nicholas', 'Billy' );
insert into consultant(ConsultantId, email, pswd, Nom, Prenom) values ( 37 , 'Eric@Joe', sha1('EricJoe'), 'Eric', 'Joe' );
insert into consultant(ConsultantId, email, pswd, Nom, Prenom) values ( 206, 'Jonathan@Bruce', sha1('JonathanBruce'), 'Jonathan', 'Bruce' );
insert into consultant(ConsultantId, email, pswd, Nom, Prenom) values ( 147, 'Stephen@Gabriel', sha1('StephenGabriel'), 'Stephen', 'Gabriel' );
insert into consultant(ConsultantId, email, pswd, Nom, Prenom) values ( 105, 'Larry@Logan', sha1('LarryLogan'), 'Larry', 'Logan' );
insert into consultant(ConsultantId, email, pswd, Nom, Prenom) values ( 148, 'Justin@Albert', sha1('JustinAlbert'), 'Justin', 'Albert' );
insert into consultant(ConsultantId, email, pswd, Nom, Prenom) values ( 168, 'Scott@Willie', sha1('ScottWillie'), 'Scott', 'Willie' );
insert into consultant(ConsultantId, email, pswd, Nom, Prenom) values ( 38 , 'Brandon@Alan', sha1('BrandonAlan'), 'Brandon', 'Alan' );
insert into consultant(ConsultantId, email, pswd, Nom, Prenom) values ( 45 , 'Benjamin@Juan', sha1('BenjaminJuan'), 'Benjamin', 'Juan' );
insert into consultant(ConsultantId, email, pswd, Nom, Prenom) values ( 106, 'Samuel@Wayne', sha1('SamuelWayne'), 'Samuel', 'Wayne' );
insert into consultant(ConsultantId, email, pswd, Nom, Prenom) values ( 39 , 'Gregory@Elijah', sha1('GregoryElijah'), 'Gregory', 'Elijah' );
insert into consultant(ConsultantId, email, pswd, Nom, Prenom) values ( 107, 'Alexander@Randy', sha1('AlexanderRandy'), 'Alexander', 'Randy' );
insert into consultant(ConsultantId, email, pswd, Nom, Prenom) values ( 40 , 'Frank@Roy', sha1('FrankRoy'), 'Frank', 'Roy' );
insert into consultant(ConsultantId, email, pswd, Nom, Prenom) values ( 159, 'Patrick@Vincent', sha1('PatrickVincent'), 'Patrick', 'Vincent' );
insert into consultant(ConsultantId, email, pswd, Nom, Prenom) values ( 108, 'Raymond@Ralph', sha1('RaymondRalph'), 'Raymond', 'Ralph' );
insert into consultant(ConsultantId, email, pswd, Nom, Prenom) values ( 149, 'Jack@Eugene', sha1('JackEugene'), 'Jack', 'Eugene' );
insert into consultant(ConsultantId, email, pswd, Nom, Prenom) values ( 109, 'Dennis@Russell', sha1('DennisRussell'), 'Dennis', 'Russell' );
insert into consultant(ConsultantId, email, pswd, Nom, Prenom) values ( 41 , 'Jerry@Bobby', sha1('JerryBobby'), 'Jerry', 'Bobby' );
insert into consultant(ConsultantId, email, pswd, Nom, Prenom) values ( 110, 'Tyler@Mason', sha1('TylerMason'), 'Tyler', 'Mason' );
insert into consultant(ConsultantId, email, pswd, Nom, Prenom) values ( 150, 'Aaron@Philip', sha1('AaronPhilip'), 'Aaron', 'Philip' );
insert into consultant(ConsultantId, email, pswd, Nom, Prenom) values ( 151, 'Jose@Louis', sha1('JoseLouis'), 'Jose', 'Louis' );
insert into consultant(ConsultantId, email, pswd, Nom, Prenom) values ( 152, 'Adam@James', sha1('AdamJames'), 'Adam', 'James' );
insert into consultant(ConsultantId, email, pswd, Nom, Prenom) values ( 153, 'Nathan@Robert', sha1('NathanRobert'), 'Nathan', 'Robert' );
insert into consultant(ConsultantId, email, pswd, Nom, Prenom) values ( 207, 'Henry@John', sha1('HenryJohn'), 'Henry', 'John' );
insert into consultant(ConsultantId, email, pswd, Nom, Prenom) values ( 111, 'Douglas@Michael', sha1('DouglasMichael'), 'Douglas', 'Michael' );
insert into consultant(ConsultantId, email, pswd, Nom, Prenom) values ( 112, 'Zachary@David', sha1('ZacharyDavid'), 'Zachary', 'David' );
insert into consultant(ConsultantId, email, pswd, Nom, Prenom) values ( 42 , 'Peter@William', sha1('PeterWilliam'), 'Peter', 'William' );
insert into consultant(ConsultantId, email, pswd, Nom, Prenom) values ( 154, 'Kyle@Richard', sha1('KyleRichard'), 'Kyle', 'Richard' );
insert into consultant(ConsultantId, email, pswd, Nom, Prenom) values ( 155, 'Ethan@Joseph', sha1('EthanJoseph'), 'Ethan', 'Joseph' );
insert into consultant(ConsultantId, email, pswd, Nom, Prenom) values ( 113, 'Walter@Thomas', sha1('WalterThomas'), 'Walter', 'Thomas' );
insert into consultant(ConsultantId, email, pswd, Nom, Prenom) values ( 114, 'Noah@Charles', sha1('NoahCharles'), 'Noah', 'Charles' );
insert into consultant(ConsultantId, email, pswd, Nom, Prenom) values ( 208, 'Jeremy@Christopher', sha1('JeremyChristopher'), 'Jeremy', 'Christopher' );
insert into consultant(ConsultantId, email, pswd, Nom, Prenom) values ( 156, 'Christian@Daniel', sha1('ChristianDaniel'), 'Christian', 'Daniel' );
insert into consultant(ConsultantId, email, pswd, Nom, Prenom) values ( 157, 'Keith@Matthew', sha1('KeithMatthew'), 'Keith', 'Matthew' );
insert into consultant(ConsultantId, email, pswd, Nom, Prenom) values ( 115, 'Roger@Anthony', sha1('RogerAnthony'), 'Roger', 'Anthony' );
insert into consultant(ConsultantId, email, pswd, Nom, Prenom) values ( 209, 'Terry@Mark', sha1('TerryMark'), 'Terry', 'Mark' );
insert into consultant(ConsultantId, email, pswd, Nom, Prenom) values ( 116, 'Gerald@Donald', sha1('GeraldDonald'), 'Gerald', 'Donald' );
insert into consultant(ConsultantId, email, pswd, Nom, Prenom) values ( 117, 'Harold@Steven', sha1('HaroldSteven'), 'Harold', 'Steven' );
insert into consultant(ConsultantId, email, pswd, Nom, Prenom) values ( 118, 'Sean@Paul', sha1('SeanPaul'), 'Sean', 'Paul' );
insert into consultant(ConsultantId, email, pswd, Nom, Prenom) values ( 119, 'Austin@Andrew', sha1('AustinAndrew'), 'Austin', 'Andrew' );
insert into consultant(ConsultantId, email, pswd, Nom, Prenom) values ( 43 , 'Carl@Joshua', sha1('CarlJoshua'), 'Carl', 'Joshua' );
insert into consultant(ConsultantId, email, pswd, Nom, Prenom) values ( 158, 'Arthur@Kenneth', sha1('ArthurKenneth'), 'Arthur', 'Kenneth' );


insert into Consultant_Competence(ConsultantId, CompetenceId) values ( 1, 'P1' );
insert into Consultant_Competence(ConsultantId, CompetenceId) values ( 1, 'P3' );
insert into Consultant_Competence(ConsultantId, CompetenceId) values ( 1, 'P4' );
insert into Consultant_Competence(ConsultantId, CompetenceId) values ( 1, 'P5' );
insert into Consultant_Competence(ConsultantId, CompetenceId) values ( 1, 'P6' );
insert into Consultant_Competence(ConsultantId, CompetenceId) values ( 2, 'P1' );
insert into Consultant_Competence(ConsultantId, CompetenceId) values ( 3, 'P1' );
insert into Consultant_Competence(ConsultantId, CompetenceId) values ( 4, 'P1' );
insert into Consultant_Competence(ConsultantId, CompetenceId) values ( 203, 'CM' );


insert into Consultant_Competence(ConsultantId, CompetenceId, ParentId) values ( 1, '2', 'CM' );
insert into Consultant_Competence(ConsultantId, CompetenceId, ParentId) values ( 1, '2.3', '2' );
insert into Consultant_Competence(ConsultantId, CompetenceId, ParentId) values ( 1, 'CM', 'CM' );
insert into Consultant_Competence(ConsultantId, CompetenceId, ParentId) values ( 1, 'P', 'P' );
insert into Consultant_Competence(ConsultantId, CompetenceId, ParentId) values ( 1, 'P1.1', 'P1' );
insert into Consultant_Competence(ConsultantId, CompetenceId, ParentId) values ( 1, 'P3.8', 'P3' );
insert into Consultant_Competence(ConsultantId, CompetenceId, ParentId) values ( 1, 'P4.12', 'P4' );
insert into Consultant_Competence(ConsultantId, CompetenceId, ParentId) values ( 1, 'P5.13', 'P5' );
insert into Consultant_Competence(ConsultantId, CompetenceId, ParentId) values ( 1, 'P6.3', 'P6' );
insert into Consultant_Competence(ConsultantId, CompetenceId, ParentId) values ( 2, '3', 'CM' );
insert into Consultant_Competence(ConsultantId, CompetenceId, ParentId) values ( 2, '3.2', '3' );
insert into Consultant_Competence(ConsultantId, CompetenceId, ParentId) values ( 2, '3.3', '3' );
insert into Consultant_Competence(ConsultantId, CompetenceId, ParentId) values ( 2, 'CM', 'CM' );
insert into Consultant_Competence(ConsultantId, CompetenceId, ParentId) values ( 2, 'P', 'P' );
insert into Consultant_Competence(ConsultantId, CompetenceId, ParentId) values ( 2, 'P1.1', 'P1' );
insert into Consultant_Competence(ConsultantId, CompetenceId, ParentId) values ( 3, '2', 'CM' );
insert into Consultant_Competence(ConsultantId, CompetenceId, ParentId) values ( 3, '2.3', '2' );
insert into Consultant_Competence(ConsultantId, CompetenceId, ParentId) values ( 3, '2.7', '2' );
insert into Consultant_Competence(ConsultantId, CompetenceId, ParentId) values ( 3, 'CM', 'CM' );
insert into Consultant_Competence(ConsultantId, CompetenceId, ParentId) values ( 3, 'P', 'P' );
insert into Consultant_Competence(ConsultantId, CompetenceId, ParentId) values ( 3, 'P1.1', 'P1' );
insert into Consultant_Competence(ConsultantId, CompetenceId, ParentId) values ( 4, '2', 'CM' );
insert into Consultant_Competence(ConsultantId, CompetenceId, ParentId) values ( 4, '2.3', '2' );
insert into Consultant_Competence(ConsultantId, CompetenceId, ParentId) values ( 4, 'CM', 'CM' );
insert into Consultant_Competence(ConsultantId, CompetenceId, ParentId) values ( 4, 'P', 'P' );
insert into Consultant_Competence(ConsultantId, CompetenceId, ParentId) values ( 4, 'P1.1', 'P1' );
insert into Consultant_Competence(ConsultantId, CompetenceId, ParentId) values ( 5, '2', 'CM' );
insert into Consultant_Competence(ConsultantId, CompetenceId, ParentId) values ( 5, '2.3', '2' );
insert into Consultant_Competence(ConsultantId, CompetenceId, ParentId) values ( 5, 'CM', 'CM' );
insert into Consultant_Competence(ConsultantId, CompetenceId, ParentId) values ( 5, 'P', 'P' );
insert into Consultant_Competence(ConsultantId, CompetenceId, ParentId) values ( 5, 'P1', 'P' );
insert into Consultant_Competence(ConsultantId, CompetenceId, ParentId) values ( 5, 'P1.1', 'P1' );
insert into Consultant_Competence(ConsultantId, CompetenceId, ParentId) values ( 6, '4', 'CM' );
insert into Consultant_Competence(ConsultantId, CompetenceId, ParentId) values ( 6, '4.4', '4' );
insert into Consultant_Competence(ConsultantId, CompetenceId, ParentId) values ( 6, 'CM', 'CM' );
insert into Consultant_Competence(ConsultantId, CompetenceId, ParentId) values ( 6, 'P', 'P' );
insert into Consultant_Competence(ConsultantId, CompetenceId, ParentId) values ( 6, 'P1', 'P' );
insert into Consultant_Competence(ConsultantId, CompetenceId, ParentId) values ( 6, 'P1.1', 'P1' );
insert into Consultant_Competence(ConsultantId, CompetenceId, ParentId) values ( 7, 'P', 'P' );
insert into Consultant_Competence(ConsultantId, CompetenceId, ParentId) values ( 7, 'P1', 'P' );
insert into Consultant_Competence(ConsultantId, CompetenceId, ParentId) values ( 7, 'P1.1', 'P1' );
insert into Consultant_Competence(ConsultantId, CompetenceId, ParentId) values ( 8, '4', 'CM' );
insert into Consultant_Competence(ConsultantId, CompetenceId, ParentId) values ( 8, '4.1', '4' );
insert into Consultant_Competence(ConsultantId, CompetenceId, ParentId) values ( 8, 'CM', 'CM' );
insert into Consultant_Competence(ConsultantId, CompetenceId, ParentId) values ( 8, 'P', 'P' );
insert into Consultant_Competence(ConsultantId, CompetenceId, ParentId) values ( 8, 'P1', 'P' );
insert into Consultant_Competence(ConsultantId, CompetenceId, ParentId) values ( 8, 'P1.1', 'P1' );
insert into Consultant_Competence(ConsultantId, CompetenceId, ParentId) values ( 9, '3', 'CM' );
insert into Consultant_Competence(ConsultantId, CompetenceId, ParentId) values ( 9, '3.2', '3' );
insert into Consultant_Competence(ConsultantId, CompetenceId, ParentId) values ( 9, 'CM', 'CM' );
insert into Consultant_Competence(ConsultantId, CompetenceId, ParentId) values ( 9, 'P', 'P' );
insert into Consultant_Competence(ConsultantId, CompetenceId, ParentId) values ( 9, 'P1', 'P' );
insert into Consultant_Competence(ConsultantId, CompetenceId, ParentId) values ( 9, 'P1.1', 'P1' );
insert into Consultant_Competence(ConsultantId, CompetenceId, ParentId) values ( 10, '4', 'CM' );
insert into Consultant_Competence(ConsultantId, CompetenceId, ParentId) values ( 10, '4.4', '4' );
insert into Consultant_Competence(ConsultantId, CompetenceId, ParentId) values ( 10, 'CM', 'CM' );
insert into Consultant_Competence(ConsultantId, CompetenceId, ParentId) values ( 10, 'P', 'P' );
insert into Consultant_Competence(ConsultantId, CompetenceId, ParentId) values ( 10, 'P1', 'P' );
insert into Consultant_Competence(ConsultantId, CompetenceId, ParentId) values ( 10, 'P1.1', 'P1' );
insert into Consultant_Competence(ConsultantId, CompetenceId, ParentId) values ( 11, 'P', 'P' );
insert into Consultant_Competence(ConsultantId, CompetenceId, ParentId) values ( 11, 'P1', 'P' );
insert into Consultant_Competence(ConsultantId, CompetenceId, ParentId) values ( 11, 'P1.1', 'P1' );
insert into Consultant_Competence(ConsultantId, CompetenceId, ParentId) values ( 12, '2', 'CM' );
insert into Consultant_Competence(ConsultantId, CompetenceId, ParentId) values ( 12, '2.3', '2' );
insert into Consultant_Competence(ConsultantId, CompetenceId, ParentId) values ( 12, 'CM', 'CM' );
insert into Consultant_Competence(ConsultantId, CompetenceId, ParentId) values ( 12, 'P', 'P' );
insert into Consultant_Competence(ConsultantId, CompetenceId, ParentId) values ( 12, 'P1', 'P' );
insert into Consultant_Competence(ConsultantId, CompetenceId, ParentId) values ( 12, 'P1.1', 'P1' );
insert into Consultant_Competence(ConsultantId, CompetenceId, ParentId) values ( 13, '2', 'CM' );
insert into Consultant_Competence(ConsultantId, CompetenceId, ParentId) values ( 13, '2.3', '2' );
insert into Consultant_Competence(ConsultantId, CompetenceId, ParentId) values ( 13, '3', 'CM' );
insert into Consultant_Competence(ConsultantId, CompetenceId, ParentId) values ( 13, '3.1', '3' );
insert into Consultant_Competence(ConsultantId, CompetenceId, ParentId) values ( 13, 'CM', 'CM' );
insert into Consultant_Competence(ConsultantId, CompetenceId, ParentId) values ( 13, 'P', 'P' );
insert into Consultant_Competence(ConsultantId, CompetenceId, ParentId) values ( 13, 'P1', 'P' );
insert into Consultant_Competence(ConsultantId, CompetenceId, ParentId) values ( 13, 'P1.1', 'P1' );
insert into Consultant_Competence(ConsultantId, CompetenceId, ParentId) values ( 14, '3', 'CM' );
insert into Consultant_Competence(ConsultantId, CompetenceId, ParentId) values ( 14, '3.4', '3' );
insert into Consultant_Competence(ConsultantId, CompetenceId, ParentId) values ( 14, '4', 'CM' );
insert into Consultant_Competence(ConsultantId, CompetenceId, ParentId) values ( 14, '4.4', '4' );
insert into Consultant_Competence(ConsultantId, CompetenceId, ParentId) values ( 14, 'CM', 'CM' );
insert into Consultant_Competence(ConsultantId, CompetenceId, ParentId) values ( 14, 'P', 'P' );
insert into Consultant_Competence(ConsultantId, CompetenceId, ParentId) values ( 14, 'P1', 'P' );
insert into Consultant_Competence(ConsultantId, CompetenceId, ParentId) values ( 14, 'P1.1', 'P1' );
insert into Consultant_Competence(ConsultantId, CompetenceId, ParentId) values ( 15, '1', 'CM' );
insert into Consultant_Competence(ConsultantId, CompetenceId, ParentId) values ( 15, '1.1', '1' );
insert into Consultant_Competence(ConsultantId, CompetenceId, ParentId) values ( 15, 'CM', 'CM' );
insert into Consultant_Competence(ConsultantId, CompetenceId, ParentId) values ( 15, 'P', 'P' );
insert into Consultant_Competence(ConsultantId, CompetenceId, ParentId) values ( 15, 'P1', 'P' );
insert into Consultant_Competence(ConsultantId, CompetenceId, ParentId) values ( 15, 'P1.1', 'P1' );
insert into Consultant_Competence(ConsultantId, CompetenceId, ParentId) values ( 16, '3', 'CM' );
insert into Consultant_Competence(ConsultantId, CompetenceId, ParentId) values ( 16, '3.2', '3' );
insert into Consultant_Competence(ConsultantId, CompetenceId, ParentId) values ( 16, 'CM', 'CM' );
insert into Consultant_Competence(ConsultantId, CompetenceId, ParentId) values ( 16, 'P', 'P' );
insert into Consultant_Competence(ConsultantId, CompetenceId, ParentId) values ( 16, 'P1', 'P' );
insert into Consultant_Competence(ConsultantId, CompetenceId, ParentId) values ( 16, 'P1.1', 'P1' );
insert into Consultant_Competence(ConsultantId, CompetenceId, ParentId) values ( 17, '4', 'CM' );
insert into Consultant_Competence(ConsultantId, CompetenceId, ParentId) values ( 17, '4.4', '4' );
insert into Consultant_Competence(ConsultantId, CompetenceId, ParentId) values ( 17, 'CM', 'CM' );
insert into Consultant_Competence(ConsultantId, CompetenceId, ParentId) values ( 17, 'P', 'P' );
insert into Consultant_Competence(ConsultantId, CompetenceId, ParentId) values ( 17, 'P1', 'P' );
insert into Consultant_Competence(ConsultantId, CompetenceId, ParentId) values ( 17, 'P1.1', 'P1' );
insert into Consultant_Competence(ConsultantId, CompetenceId, ParentId) values ( 18, '2', 'CM' );
insert into Consultant_Competence(ConsultantId, CompetenceId, ParentId) values ( 18, '2.2', '2' );
insert into Consultant_Competence(ConsultantId, CompetenceId, ParentId) values ( 18, '2.7', '2' );
insert into Consultant_Competence(ConsultantId, CompetenceId, ParentId) values ( 18, 'CM', 'CM' );
insert into Consultant_Competence(ConsultantId, CompetenceId, ParentId) values ( 18, 'P', 'P' );
insert into Consultant_Competence(ConsultantId, CompetenceId, ParentId) values ( 18, 'P1', 'P' );
insert into Consultant_Competence(ConsultantId, CompetenceId, ParentId) values ( 18, 'P1.1', 'P1' );
insert into Consultant_Competence(ConsultantId, CompetenceId, ParentId) values ( 19, '3', 'CM' );
insert into Consultant_Competence(ConsultantId, CompetenceId, ParentId) values ( 19, '3.4', '3' );
insert into Consultant_Competence(ConsultantId, CompetenceId, ParentId) values ( 19, '4', 'CM' );
insert into Consultant_Competence(ConsultantId, CompetenceId, ParentId) values ( 19, '4.4', '4' );
insert into Consultant_Competence(ConsultantId, CompetenceId, ParentId) values ( 19, 'CM', 'CM' );
insert into Consultant_Competence(ConsultantId, CompetenceId, ParentId) values ( 19, 'P', 'P' );
insert into Consultant_Competence(ConsultantId, CompetenceId, ParentId) values ( 19, 'P1', 'P' );
insert into Consultant_Competence(ConsultantId, CompetenceId, ParentId) values ( 19, 'P1.1', 'P1' );
insert into Consultant_Competence(ConsultantId, CompetenceId, ParentId) values ( 20, '3', 'CM' );
insert into Consultant_Competence(ConsultantId, CompetenceId, ParentId) values ( 20, '3.2', '3' );
insert into Consultant_Competence(ConsultantId, CompetenceId, ParentId) values ( 20, 'CM', 'CM' );
insert into Consultant_Competence(ConsultantId, CompetenceId, ParentId) values ( 20, 'P', 'P' );
insert into Consultant_Competence(ConsultantId, CompetenceId, ParentId) values ( 20, 'P1', 'P' );
insert into Consultant_Competence(ConsultantId, CompetenceId, ParentId) values ( 20, 'P1.1', 'P1' );
insert into Consultant_Competence(ConsultantId, CompetenceId, ParentId) values ( 21, '3', 'CM' );
insert into Consultant_Competence(ConsultantId, CompetenceId, ParentId) values ( 21, '3.2', '3' );
insert into Consultant_Competence(ConsultantId, CompetenceId, ParentId) values ( 21, 'CM', 'CM' );
insert into Consultant_Competence(ConsultantId, CompetenceId, ParentId) values ( 21, 'P', 'P' );
insert into Consultant_Competence(ConsultantId, CompetenceId, ParentId) values ( 21, 'P1', 'P' );
insert into Consultant_Competence(ConsultantId, CompetenceId, ParentId) values ( 21, 'P1.1', 'P1' );
insert into Consultant_Competence(ConsultantId, CompetenceId, ParentId) values ( 22, 'P', 'P' );
insert into Consultant_Competence(ConsultantId, CompetenceId, ParentId) values ( 22, 'P1', 'P' );
insert into Consultant_Competence(ConsultantId, CompetenceId, ParentId) values ( 22, 'P1.1', 'P1' );
insert into Consultant_Competence(ConsultantId, CompetenceId, ParentId) values ( 23, '4', 'CM' );
insert into Consultant_Competence(ConsultantId, CompetenceId, ParentId) values ( 23, '4.4', '4' );
insert into Consultant_Competence(ConsultantId, CompetenceId, ParentId) values ( 23, 'CM', 'CM' );
insert into Consultant_Competence(ConsultantId, CompetenceId, ParentId) values ( 23, 'P', 'P' );
insert into Consultant_Competence(ConsultantId, CompetenceId, ParentId) values ( 23, 'P1', 'P' );
insert into Consultant_Competence(ConsultantId, CompetenceId, ParentId) values ( 23, 'P1.1', 'P1' );
insert into Consultant_Competence(ConsultantId, CompetenceId, ParentId) values ( 24, 'P', 'P' );
insert into Consultant_Competence(ConsultantId, CompetenceId, ParentId) values ( 24, 'P1', 'P' );
insert into Consultant_Competence(ConsultantId, CompetenceId, ParentId) values ( 24, 'P1.1', 'P1' );
insert into Consultant_Competence(ConsultantId, CompetenceId, ParentId) values ( 25, '4', 'CM' );
insert into Consultant_Competence(ConsultantId, CompetenceId, ParentId) values ( 25, '4.4', '4' );
insert into Consultant_Competence(ConsultantId, CompetenceId, ParentId) values ( 25, 'CM', 'CM' );
insert into Consultant_Competence(ConsultantId, CompetenceId, ParentId) values ( 25, 'P', 'P' );
insert into Consultant_Competence(ConsultantId, CompetenceId, ParentId) values ( 25, 'P1', 'P' );
insert into Consultant_Competence(ConsultantId, CompetenceId, ParentId) values ( 25, 'P1.1', 'P1' );
insert into Consultant_Competence(ConsultantId, CompetenceId, ParentId) values ( 26, 'P', 'P' );
insert into Consultant_Competence(ConsultantId, CompetenceId, ParentId) values ( 26, 'P1', 'P' );
insert into Consultant_Competence(ConsultantId, CompetenceId, ParentId) values ( 26, 'P1.1', 'P1' );
insert into Consultant_Competence(ConsultantId, CompetenceId, ParentId) values ( 27, '2', 'CM' );
insert into Consultant_Competence(ConsultantId, CompetenceId, ParentId) values ( 27, '2.3', '2' );
insert into Consultant_Competence(ConsultantId, CompetenceId, ParentId) values ( 27, 'CM', 'CM' );
insert into Consultant_Competence(ConsultantId, CompetenceId, ParentId) values ( 27, 'P', 'P' );
insert into Consultant_Competence(ConsultantId, CompetenceId, ParentId) values ( 27, 'P1', 'P' );
insert into Consultant_Competence(ConsultantId, CompetenceId, ParentId) values ( 27, 'P1.1', 'P1' );
insert into Consultant_Competence(ConsultantId, CompetenceId, ParentId) values ( 28, '3', 'CM' );
insert into Consultant_Competence(ConsultantId, CompetenceId, ParentId) values ( 28, '3.2', '3' );
insert into Consultant_Competence(ConsultantId, CompetenceId, ParentId) values ( 28, 'CM', 'CM' );
insert into Consultant_Competence(ConsultantId, CompetenceId, ParentId) values ( 28, 'P', 'P' );
insert into Consultant_Competence(ConsultantId, CompetenceId, ParentId) values ( 28, 'P1', 'P' );
insert into Consultant_Competence(ConsultantId, CompetenceId, ParentId) values ( 28, 'P1.1', 'P1' );
insert into Consultant_Competence(ConsultantId, CompetenceId, ParentId) values ( 29, '2', 'CM' );
insert into Consultant_Competence(ConsultantId, CompetenceId, ParentId) values ( 29, '2.2', '2' );
insert into Consultant_Competence(ConsultantId, CompetenceId, ParentId) values ( 29, 'CM', 'CM' );
insert into Consultant_Competence(ConsultantId, CompetenceId, ParentId) values ( 29, 'P', 'P' );
insert into Consultant_Competence(ConsultantId, CompetenceId, ParentId) values ( 29, 'P1', 'P' );
insert into Consultant_Competence(ConsultantId, CompetenceId, ParentId) values ( 29, 'P1.1', 'P1' );
insert into Consultant_Competence(ConsultantId, CompetenceId, ParentId) values ( 30, 'P', 'P' );
insert into Consultant_Competence(ConsultantId, CompetenceId, ParentId) values ( 30, 'P1', 'P' );
insert into Consultant_Competence(ConsultantId, CompetenceId, ParentId) values ( 30, 'P1.1', 'P1' );
insert into Consultant_Competence(ConsultantId, CompetenceId, ParentId) values ( 31, 'P', 'P' );
insert into Consultant_Competence(ConsultantId, CompetenceId, ParentId) values ( 31, 'P1', 'P' );
insert into Consultant_Competence(ConsultantId, CompetenceId, ParentId) values ( 31, 'P1.1', 'P1' );
insert into Consultant_Competence(ConsultantId, CompetenceId, ParentId) values ( 32, '2', 'CM' );
insert into Consultant_Competence(ConsultantId, CompetenceId, ParentId) values ( 32, '2.3', '2' );
insert into Consultant_Competence(ConsultantId, CompetenceId, ParentId) values ( 32, 'CM', 'CM' );
insert into Consultant_Competence(ConsultantId, CompetenceId, ParentId) values ( 32, 'P', 'P' );
insert into Consultant_Competence(ConsultantId, CompetenceId, ParentId) values ( 32, 'P1', 'P' );
insert into Consultant_Competence(ConsultantId, CompetenceId, ParentId) values ( 32, 'P1.1', 'P1' );
insert into Consultant_Competence(ConsultantId, CompetenceId, ParentId) values ( 33, '2', 'CM' );
insert into Consultant_Competence(ConsultantId, CompetenceId, ParentId) values ( 33, '2.6', '2' );
insert into Consultant_Competence(ConsultantId, CompetenceId, ParentId) values ( 33, 'CM', 'CM' );
insert into Consultant_Competence(ConsultantId, CompetenceId, ParentId) values ( 33, 'P', 'P' );
insert into Consultant_Competence(ConsultantId, CompetenceId, ParentId) values ( 33, 'P1', 'P' );
insert into Consultant_Competence(ConsultantId, CompetenceId, ParentId) values ( 33, 'P1.1', 'P1' );
insert into Consultant_Competence(ConsultantId, CompetenceId, ParentId) values ( 34, '4', 'CM' );
insert into Consultant_Competence(ConsultantId, CompetenceId, ParentId) values ( 34, '4.4', '4' );
insert into Consultant_Competence(ConsultantId, CompetenceId, ParentId) values ( 34, 'CM', 'CM' );
insert into Consultant_Competence(ConsultantId, CompetenceId, ParentId) values ( 34, 'P', 'P' );
insert into Consultant_Competence(ConsultantId, CompetenceId, ParentId) values ( 34, 'P1', 'P' );
insert into Consultant_Competence(ConsultantId, CompetenceId, ParentId) values ( 34, 'P1.1', 'P1' );
insert into Consultant_Competence(ConsultantId, CompetenceId, ParentId) values ( 35, '4', 'CM' );
insert into Consultant_Competence(ConsultantId, CompetenceId, ParentId) values ( 35, '4.8', '4' );
insert into Consultant_Competence(ConsultantId, CompetenceId, ParentId) values ( 35, 'CM', 'CM' );
insert into Consultant_Competence(ConsultantId, CompetenceId, ParentId) values ( 35, 'P', 'P' );
insert into Consultant_Competence(ConsultantId, CompetenceId, ParentId) values ( 35, 'P1', 'P' );
insert into Consultant_Competence(ConsultantId, CompetenceId, ParentId) values ( 35, 'P1.1', 'P1' );
insert into Consultant_Competence(ConsultantId, CompetenceId, ParentId) values ( 36, '2', 'CM' );
insert into Consultant_Competence(ConsultantId, CompetenceId, ParentId) values ( 36, '2.2', '2' );
insert into Consultant_Competence(ConsultantId, CompetenceId, ParentId) values ( 36, '2.7', '2' );
insert into Consultant_Competence(ConsultantId, CompetenceId, ParentId) values ( 36, 'CM', 'CM' );
insert into Consultant_Competence(ConsultantId, CompetenceId, ParentId) values ( 36, 'P', 'P' );
insert into Consultant_Competence(ConsultantId, CompetenceId, ParentId) values ( 36, 'P1', 'P' );
insert into Consultant_Competence(ConsultantId, CompetenceId, ParentId) values ( 36, 'P1.1', 'P1' );
insert into Consultant_Competence(ConsultantId, CompetenceId, ParentId) values ( 37, '2', 'CM' );
insert into Consultant_Competence(ConsultantId, CompetenceId, ParentId) values ( 37, '2.2', '2' );
insert into Consultant_Competence(ConsultantId, CompetenceId, ParentId) values ( 37, '4', 'CM' );
insert into Consultant_Competence(ConsultantId, CompetenceId, ParentId) values ( 37, '4.4', '4' );
insert into Consultant_Competence(ConsultantId, CompetenceId, ParentId) values ( 37, 'CM', 'CM' );
insert into Consultant_Competence(ConsultantId, CompetenceId, ParentId) values ( 37, 'P', 'P' );
insert into Consultant_Competence(ConsultantId, CompetenceId, ParentId) values ( 37, 'P1', 'P' );
insert into Consultant_Competence(ConsultantId, CompetenceId, ParentId) values ( 37, 'P1.1', 'P1' );
insert into Consultant_Competence(ConsultantId, CompetenceId, ParentId) values ( 38, '2', 'CM' );
insert into Consultant_Competence(ConsultantId, CompetenceId, ParentId) values ( 38, '2.1', '2' );
insert into Consultant_Competence(ConsultantId, CompetenceId, ParentId) values ( 38, '2.3', '2' );
insert into Consultant_Competence(ConsultantId, CompetenceId, ParentId) values ( 38, 'CM', 'CM' );
insert into Consultant_Competence(ConsultantId, CompetenceId, ParentId) values ( 38, 'P', 'P' );
insert into Consultant_Competence(ConsultantId, CompetenceId, ParentId) values ( 38, 'P1', 'P' );
insert into Consultant_Competence(ConsultantId, CompetenceId, ParentId) values ( 38, 'P1.1', 'P1' );
insert into Consultant_Competence(ConsultantId, CompetenceId, ParentId) values ( 39, '4', 'CM' );
insert into Consultant_Competence(ConsultantId, CompetenceId, ParentId) values ( 39, '4.4', '4' );
insert into Consultant_Competence(ConsultantId, CompetenceId, ParentId) values ( 39, 'CM', 'CM' );
insert into Consultant_Competence(ConsultantId, CompetenceId, ParentId) values ( 39, 'P', 'P' );
insert into Consultant_Competence(ConsultantId, CompetenceId, ParentId) values ( 39, 'P1', 'P' );
insert into Consultant_Competence(ConsultantId, CompetenceId, ParentId) values ( 39, 'P1.1', 'P1' );
insert into Consultant_Competence(ConsultantId, CompetenceId, ParentId) values ( 40, '2', 'CM' );
insert into Consultant_Competence(ConsultantId, CompetenceId, ParentId) values ( 40, '2.3', '2' );
insert into Consultant_Competence(ConsultantId, CompetenceId, ParentId) values ( 40, 'CM', 'CM' );
insert into Consultant_Competence(ConsultantId, CompetenceId, ParentId) values ( 40, 'P', 'P' );
insert into Consultant_Competence(ConsultantId, CompetenceId, ParentId) values ( 40, 'P1', 'P' );
insert into Consultant_Competence(ConsultantId, CompetenceId, ParentId) values ( 40, 'P1.1', 'P1' );
insert into Consultant_Competence(ConsultantId, CompetenceId, ParentId) values ( 41, '2', 'CM' );
insert into Consultant_Competence(ConsultantId, CompetenceId, ParentId) values ( 41, '2.7', '2' );
insert into Consultant_Competence(ConsultantId, CompetenceId, ParentId) values ( 41, 'CM', 'CM' );
insert into Consultant_Competence(ConsultantId, CompetenceId, ParentId) values ( 41, 'P', 'P' );
insert into Consultant_Competence(ConsultantId, CompetenceId, ParentId) values ( 41, 'P1', 'P' );
insert into Consultant_Competence(ConsultantId, CompetenceId, ParentId) values ( 41, 'P1.1', 'P1' );
insert into Consultant_Competence(ConsultantId, CompetenceId, ParentId) values ( 42, 'P', 'P' );
insert into Consultant_Competence(ConsultantId, CompetenceId, ParentId) values ( 42, 'P1', 'P' );
insert into Consultant_Competence(ConsultantId, CompetenceId, ParentId) values ( 42, 'P1.1', 'P1' );
insert into Consultant_Competence(ConsultantId, CompetenceId, ParentId) values ( 43, '3', 'CM' );
insert into Consultant_Competence(ConsultantId, CompetenceId, ParentId) values ( 43, '3.2', '3' );
insert into Consultant_Competence(ConsultantId, CompetenceId, ParentId) values ( 43, 'CM', 'CM' );
insert into Consultant_Competence(ConsultantId, CompetenceId, ParentId) values ( 43, 'P', 'P' );
insert into Consultant_Competence(ConsultantId, CompetenceId, ParentId) values ( 43, 'P1', 'P' );
insert into Consultant_Competence(ConsultantId, CompetenceId, ParentId) values ( 43, 'P1.1', 'P1' );
insert into Consultant_Competence(ConsultantId, CompetenceId, ParentId) values ( 44, '2', 'CM' );
insert into Consultant_Competence(ConsultantId, CompetenceId, ParentId) values ( 44, '2.3', '2' );
insert into Consultant_Competence(ConsultantId, CompetenceId, ParentId) values ( 44, '3', 'CM' );
insert into Consultant_Competence(ConsultantId, CompetenceId, ParentId) values ( 44, '3.2', '3' );
insert into Consultant_Competence(ConsultantId, CompetenceId, ParentId) values ( 44, 'CM', 'CM' );
insert into Consultant_Competence(ConsultantId, CompetenceId, ParentId) values ( 44, 'P', 'P' );
insert into Consultant_Competence(ConsultantId, CompetenceId, ParentId) values ( 44, 'P1', 'P' );
insert into Consultant_Competence(ConsultantId, CompetenceId, ParentId) values ( 44, 'P1.1', 'P1' );
insert into Consultant_Competence(ConsultantId, CompetenceId, ParentId) values ( 45, '2', 'CM' );
insert into Consultant_Competence(ConsultantId, CompetenceId, ParentId) values ( 45, '2.3', '2' );
insert into Consultant_Competence(ConsultantId, CompetenceId, ParentId) values ( 45, '3', 'CM' );
insert into Consultant_Competence(ConsultantId, CompetenceId, ParentId) values ( 45, '3.2', '3' );
insert into Consultant_Competence(ConsultantId, CompetenceId, ParentId) values ( 45, 'CM', 'CM' );
insert into Consultant_Competence(ConsultantId, CompetenceId, ParentId) values ( 45, 'P', 'P' );
insert into Consultant_Competence(ConsultantId, CompetenceId, ParentId) values ( 45, 'P1', 'P' );
insert into Consultant_Competence(ConsultantId, CompetenceId, ParentId) values ( 45, 'P1.1', 'P1' );
insert into Consultant_Competence(ConsultantId, CompetenceId, ParentId) values ( 46, '3', 'CM' );
insert into Consultant_Competence(ConsultantId, CompetenceId, ParentId) values ( 46, '3.2', '3' );
insert into Consultant_Competence(ConsultantId, CompetenceId, ParentId) values ( 46, '3.3', '3' );
insert into Consultant_Competence(ConsultantId, CompetenceId, ParentId) values ( 46, '5', 'CM' );
insert into Consultant_Competence(ConsultantId, CompetenceId, ParentId) values ( 46, '5.3', '5' );
insert into Consultant_Competence(ConsultantId, CompetenceId, ParentId) values ( 46, 'CM', 'CM' );
insert into Consultant_Competence(ConsultantId, CompetenceId, ParentId) values ( 46, 'P', 'P' );
insert into Consultant_Competence(ConsultantId, CompetenceId, ParentId) values ( 46, 'P1', 'P' );
insert into Consultant_Competence(ConsultantId, CompetenceId, ParentId) values ( 46, 'P1.2', 'P1' );
insert into Consultant_Competence(ConsultantId, CompetenceId, ParentId) values ( 47, '2', 'CM' );
insert into Consultant_Competence(ConsultantId, CompetenceId, ParentId) values ( 47, '2.2', '2' );
insert into Consultant_Competence(ConsultantId, CompetenceId, ParentId) values ( 47, 'CM', 'CM' );
insert into Consultant_Competence(ConsultantId, CompetenceId, ParentId) values ( 47, 'P', 'P' );
insert into Consultant_Competence(ConsultantId, CompetenceId, ParentId) values ( 47, 'P1', 'P' );
insert into Consultant_Competence(ConsultantId, CompetenceId, ParentId) values ( 47, 'P1.2', 'P1' );
insert into Consultant_Competence(ConsultantId, CompetenceId, ParentId) values ( 48, 'P', 'P' );
insert into Consultant_Competence(ConsultantId, CompetenceId, ParentId) values ( 48, 'P1', 'P' );
insert into Consultant_Competence(ConsultantId, CompetenceId, ParentId) values ( 48, 'P1.2', 'P1' );
insert into Consultant_Competence(ConsultantId, CompetenceId, ParentId) values ( 49, 'P', 'P' );
insert into Consultant_Competence(ConsultantId, CompetenceId, ParentId) values ( 49, 'P1', 'P' );
insert into Consultant_Competence(ConsultantId, CompetenceId, ParentId) values ( 49, 'P1.2', 'P1' );
insert into Consultant_Competence(ConsultantId, CompetenceId, ParentId) values ( 50, '4', 'CM' );
insert into Consultant_Competence(ConsultantId, CompetenceId, ParentId) values ( 50, '4.4', '4' );
insert into Consultant_Competence(ConsultantId, CompetenceId, ParentId) values ( 50, '5', 'CM' );
insert into Consultant_Competence(ConsultantId, CompetenceId, ParentId) values ( 50, '5.1', '5' );
insert into Consultant_Competence(ConsultantId, CompetenceId, ParentId) values ( 50, '5.2', '5' );
insert into Consultant_Competence(ConsultantId, CompetenceId, ParentId) values ( 50, '5.3', '5' );
insert into Consultant_Competence(ConsultantId, CompetenceId, ParentId) values ( 50, 'CM', 'CM' );
insert into Consultant_Competence(ConsultantId, CompetenceId, ParentId) values ( 50, 'P', 'P' );
insert into Consultant_Competence(ConsultantId, CompetenceId, ParentId) values ( 50, 'P1', 'P' );
insert into Consultant_Competence(ConsultantId, CompetenceId, ParentId) values ( 50, 'P1.2', 'P1' );
insert into Consultant_Competence(ConsultantId, CompetenceId, ParentId) values ( 51, 'P', 'P' );
insert into Consultant_Competence(ConsultantId, CompetenceId, ParentId) values ( 51, 'P1', 'P' );
insert into Consultant_Competence(ConsultantId, CompetenceId, ParentId) values ( 51, 'P1.2', 'P1' );
insert into Consultant_Competence(ConsultantId, CompetenceId, ParentId) values ( 52, 'P', 'P' );
insert into Consultant_Competence(ConsultantId, CompetenceId, ParentId) values ( 52, 'P1', 'P' );
insert into Consultant_Competence(ConsultantId, CompetenceId, ParentId) values ( 52, 'P1.2', 'P1' );
insert into Consultant_Competence(ConsultantId, CompetenceId, ParentId) values ( 53, '3', 'CM' );
insert into Consultant_Competence(ConsultantId, CompetenceId, ParentId) values ( 53, '3.2', '3' );
insert into Consultant_Competence(ConsultantId, CompetenceId, ParentId) values ( 53, 'CM', 'CM' );
insert into Consultant_Competence(ConsultantId, CompetenceId, ParentId) values ( 53, 'P', 'P' );
insert into Consultant_Competence(ConsultantId, CompetenceId, ParentId) values ( 53, 'P1', 'P' );
insert into Consultant_Competence(ConsultantId, CompetenceId, ParentId) values ( 53, 'P1.2', 'P1' );
insert into Consultant_Competence(ConsultantId, CompetenceId, ParentId) values ( 54, '2', 'CM' );
insert into Consultant_Competence(ConsultantId, CompetenceId, ParentId) values ( 54, '2.2', '2' );
insert into Consultant_Competence(ConsultantId, CompetenceId, ParentId) values ( 54, 'CM', 'CM' );
insert into Consultant_Competence(ConsultantId, CompetenceId, ParentId) values ( 54, 'P', 'P' );
insert into Consultant_Competence(ConsultantId, CompetenceId, ParentId) values ( 54, 'P1', 'P' );
insert into Consultant_Competence(ConsultantId, CompetenceId, ParentId) values ( 54, 'P1.2', 'P1' );
insert into Consultant_Competence(ConsultantId, CompetenceId, ParentId) values ( 55, 'P', 'P' );
insert into Consultant_Competence(ConsultantId, CompetenceId, ParentId) values ( 55, 'P1', 'P' );
insert into Consultant_Competence(ConsultantId, CompetenceId, ParentId) values ( 55, 'P1.2', 'P1' );
insert into Consultant_Competence(ConsultantId, CompetenceId, ParentId) values ( 56, '2', 'CM' );
insert into Consultant_Competence(ConsultantId, CompetenceId, ParentId) values ( 56, '2.2', '2' );
insert into Consultant_Competence(ConsultantId, CompetenceId, ParentId) values ( 56, 'CM', 'CM' );
insert into Consultant_Competence(ConsultantId, CompetenceId, ParentId) values ( 56, 'P', 'P' );
insert into Consultant_Competence(ConsultantId, CompetenceId, ParentId) values ( 56, 'P1', 'P' );
insert into Consultant_Competence(ConsultantId, CompetenceId, ParentId) values ( 56, 'P1.2', 'P1' );
insert into Consultant_Competence(ConsultantId, CompetenceId, ParentId) values ( 57, 'P', 'P' );
insert into Consultant_Competence(ConsultantId, CompetenceId, ParentId) values ( 57, 'P1', 'P' );
insert into Consultant_Competence(ConsultantId, CompetenceId, ParentId) values ( 57, 'P1.2', 'P1' );
insert into Consultant_Competence(ConsultantId, CompetenceId, ParentId) values ( 58, 'P', 'P' );
insert into Consultant_Competence(ConsultantId, CompetenceId, ParentId) values ( 58, 'P1', 'P' );
insert into Consultant_Competence(ConsultantId, CompetenceId, ParentId) values ( 58, 'P1.2', 'P1' );
insert into Consultant_Competence(ConsultantId, CompetenceId, ParentId) values ( 59, 'P', 'P' );
insert into Consultant_Competence(ConsultantId, CompetenceId, ParentId) values ( 59, 'P1', 'P' );
insert into Consultant_Competence(ConsultantId, CompetenceId, ParentId) values ( 59, 'P1.2', 'P1' );
insert into Consultant_Competence(ConsultantId, CompetenceId, ParentId) values ( 60, 'P', 'P' );
insert into Consultant_Competence(ConsultantId, CompetenceId, ParentId) values ( 60, 'P1', 'P' );
insert into Consultant_Competence(ConsultantId, CompetenceId, ParentId) values ( 60, 'P1.2', 'P1' );
insert into Consultant_Competence(ConsultantId, CompetenceId, ParentId) values ( 61, 'P', 'P' );
insert into Consultant_Competence(ConsultantId, CompetenceId, ParentId) values ( 61, 'P1', 'P' );
insert into Consultant_Competence(ConsultantId, CompetenceId, ParentId) values ( 61, 'P1.2', 'P1' );
insert into Consultant_Competence(ConsultantId, CompetenceId, ParentId) values ( 62, 'P', 'P' );
insert into Consultant_Competence(ConsultantId, CompetenceId, ParentId) values ( 62, 'P1', 'P' );
insert into Consultant_Competence(ConsultantId, CompetenceId, ParentId) values ( 62, 'P1.2', 'P1' );
insert into Consultant_Competence(ConsultantId, CompetenceId, ParentId) values ( 63, '3', 'CM' );
insert into Consultant_Competence(ConsultantId, CompetenceId, ParentId) values ( 63, '3.2', '3' );
insert into Consultant_Competence(ConsultantId, CompetenceId, ParentId) values ( 63, 'CM', 'CM' );
insert into Consultant_Competence(ConsultantId, CompetenceId, ParentId) values ( 63, 'P', 'P' );
insert into Consultant_Competence(ConsultantId, CompetenceId, ParentId) values ( 63, 'P1', 'P' );
insert into Consultant_Competence(ConsultantId, CompetenceId, ParentId) values ( 63, 'P1.2', 'P1' );
insert into Consultant_Competence(ConsultantId, CompetenceId, ParentId) values ( 64, '3', 'CM' );
insert into Consultant_Competence(ConsultantId, CompetenceId, ParentId) values ( 64, '3.2', '3' );
insert into Consultant_Competence(ConsultantId, CompetenceId, ParentId) values ( 64, 'CM', 'CM' );
insert into Consultant_Competence(ConsultantId, CompetenceId, ParentId) values ( 64, 'P', 'P' );
insert into Consultant_Competence(ConsultantId, CompetenceId, ParentId) values ( 64, 'P1', 'P' );
insert into Consultant_Competence(ConsultantId, CompetenceId, ParentId) values ( 64, 'P1.2', 'P1' );
insert into Consultant_Competence(ConsultantId, CompetenceId, ParentId) values ( 65, 'P', 'P' );
insert into Consultant_Competence(ConsultantId, CompetenceId, ParentId) values ( 65, 'P1', 'P' );
insert into Consultant_Competence(ConsultantId, CompetenceId, ParentId) values ( 65, 'P1.2', 'P1' );
insert into Consultant_Competence(ConsultantId, CompetenceId, ParentId) values ( 66, 'P', 'P' );
insert into Consultant_Competence(ConsultantId, CompetenceId, ParentId) values ( 66, 'P1', 'P' );
insert into Consultant_Competence(ConsultantId, CompetenceId, ParentId) values ( 66, 'P1.2', 'P1' );
insert into Consultant_Competence(ConsultantId, CompetenceId, ParentId) values ( 67, 'P', 'P' );
insert into Consultant_Competence(ConsultantId, CompetenceId, ParentId) values ( 67, 'P1', 'P' );
insert into Consultant_Competence(ConsultantId, CompetenceId, ParentId) values ( 67, 'P1.2', 'P1' );
insert into Consultant_Competence(ConsultantId, CompetenceId, ParentId) values ( 68, 'P', 'P' );
insert into Consultant_Competence(ConsultantId, CompetenceId, ParentId) values ( 68, 'P1', 'P' );
insert into Consultant_Competence(ConsultantId, CompetenceId, ParentId) values ( 68, 'P1.2', 'P1' );
insert into Consultant_Competence(ConsultantId, CompetenceId, ParentId) values ( 69, 'P', 'P' );
insert into Consultant_Competence(ConsultantId, CompetenceId, ParentId) values ( 69, 'P1', 'P' );
insert into Consultant_Competence(ConsultantId, CompetenceId, ParentId) values ( 69, 'P1.2', 'P1' );
insert into Consultant_Competence(ConsultantId, CompetenceId, ParentId) values ( 70, 'P', 'P' );
insert into Consultant_Competence(ConsultantId, CompetenceId, ParentId) values ( 70, 'P1', 'P' );
insert into Consultant_Competence(ConsultantId, CompetenceId, ParentId) values ( 70, 'P1.2', 'P1' );
insert into Consultant_Competence(ConsultantId, CompetenceId, ParentId) values ( 71, 'P', 'P' );
insert into Consultant_Competence(ConsultantId, CompetenceId, ParentId) values ( 71, 'P1', 'P' );
insert into Consultant_Competence(ConsultantId, CompetenceId, ParentId) values ( 71, 'P1.2', 'P1' );
insert into Consultant_Competence(ConsultantId, CompetenceId, ParentId) values ( 72, '3', 'CM' );
insert into Consultant_Competence(ConsultantId, CompetenceId, ParentId) values ( 72, '3.2', '3' );
insert into Consultant_Competence(ConsultantId, CompetenceId, ParentId) values ( 72, 'CM', 'CM' );
insert into Consultant_Competence(ConsultantId, CompetenceId, ParentId) values ( 72, 'P', 'P' );
insert into Consultant_Competence(ConsultantId, CompetenceId, ParentId) values ( 72, 'P1', 'P' );
insert into Consultant_Competence(ConsultantId, CompetenceId, ParentId) values ( 72, 'P1.2', 'P1' );
insert into Consultant_Competence(ConsultantId, CompetenceId, ParentId) values ( 73, 'P', 'P' );
insert into Consultant_Competence(ConsultantId, CompetenceId, ParentId) values ( 73, 'P1', 'P' );
insert into Consultant_Competence(ConsultantId, CompetenceId, ParentId) values ( 73, 'P1.2', 'P1' );
insert into Consultant_Competence(ConsultantId, CompetenceId, ParentId) values ( 74, '1', 'CM' );
insert into Consultant_Competence(ConsultantId, CompetenceId, ParentId) values ( 74, '1.1', '1' );
insert into Consultant_Competence(ConsultantId, CompetenceId, ParentId) values ( 74, '3', 'CM' );
insert into Consultant_Competence(ConsultantId, CompetenceId, ParentId) values ( 74, '3.3', '3' );
insert into Consultant_Competence(ConsultantId, CompetenceId, ParentId) values ( 74, 'CM', 'CM' );
insert into Consultant_Competence(ConsultantId, CompetenceId, ParentId) values ( 74, 'P', 'P' );
insert into Consultant_Competence(ConsultantId, CompetenceId, ParentId) values ( 74, 'P1', 'P' );
insert into Consultant_Competence(ConsultantId, CompetenceId, ParentId) values ( 74, 'P1.2', 'P1' );
insert into Consultant_Competence(ConsultantId, CompetenceId, ParentId) values ( 75, '2', 'CM' );
insert into Consultant_Competence(ConsultantId, CompetenceId, ParentId) values ( 75, '2.2', '2' );
insert into Consultant_Competence(ConsultantId, CompetenceId, ParentId) values ( 75, 'CM', 'CM' );
insert into Consultant_Competence(ConsultantId, CompetenceId, ParentId) values ( 75, 'P', 'P' );
insert into Consultant_Competence(ConsultantId, CompetenceId, ParentId) values ( 75, 'P1', 'P' );
insert into Consultant_Competence(ConsultantId, CompetenceId, ParentId) values ( 75, 'P1.2', 'P1' );
insert into Consultant_Competence(ConsultantId, CompetenceId, ParentId) values ( 76, 'P', 'P' );
insert into Consultant_Competence(ConsultantId, CompetenceId, ParentId) values ( 76, 'P1', 'P' );
insert into Consultant_Competence(ConsultantId, CompetenceId, ParentId) values ( 76, 'P1.2', 'P1' );
insert into Consultant_Competence(ConsultantId, CompetenceId, ParentId) values ( 77, 'P', 'P' );
insert into Consultant_Competence(ConsultantId, CompetenceId, ParentId) values ( 77, 'P1', 'P' );
insert into Consultant_Competence(ConsultantId, CompetenceId, ParentId) values ( 77, 'P1.2', 'P1' );
insert into Consultant_Competence(ConsultantId, CompetenceId, ParentId) values ( 78, '3', 'CM' );
insert into Consultant_Competence(ConsultantId, CompetenceId, ParentId) values ( 78, '3.2', '3' );
insert into Consultant_Competence(ConsultantId, CompetenceId, ParentId) values ( 78, '5', 'CM' );
insert into Consultant_Competence(ConsultantId, CompetenceId, ParentId) values ( 78, '5.3', '5' );
insert into Consultant_Competence(ConsultantId, CompetenceId, ParentId) values ( 78, 'CM', 'CM' );
insert into Consultant_Competence(ConsultantId, CompetenceId, ParentId) values ( 78, 'P', 'P' );
insert into Consultant_Competence(ConsultantId, CompetenceId, ParentId) values ( 78, 'P1', 'P' );
insert into Consultant_Competence(ConsultantId, CompetenceId, ParentId) values ( 78, 'P1.2', 'P1' );
insert into Consultant_Competence(ConsultantId, CompetenceId, ParentId) values ( 79, '1', 'CM' );
insert into Consultant_Competence(ConsultantId, CompetenceId, ParentId) values ( 79, '1.1', '1' );
insert into Consultant_Competence(ConsultantId, CompetenceId, ParentId) values ( 79, '2', 'CM' );
insert into Consultant_Competence(ConsultantId, CompetenceId, ParentId) values ( 79, '2.6', '2' );
insert into Consultant_Competence(ConsultantId, CompetenceId, ParentId) values ( 79, 'CM', 'CM' );
insert into Consultant_Competence(ConsultantId, CompetenceId, ParentId) values ( 79, 'P', 'P' );
insert into Consultant_Competence(ConsultantId, CompetenceId, ParentId) values ( 79, 'P1', 'P' );
insert into Consultant_Competence(ConsultantId, CompetenceId, ParentId) values ( 79, 'P1.2', 'P1' );
insert into Consultant_Competence(ConsultantId, CompetenceId, ParentId) values ( 80, '3', 'CM' );
insert into Consultant_Competence(ConsultantId, CompetenceId, ParentId) values ( 80, '3.3', '3' );
insert into Consultant_Competence(ConsultantId, CompetenceId, ParentId) values ( 80, 'CM', 'CM' );
insert into Consultant_Competence(ConsultantId, CompetenceId, ParentId) values ( 80, 'P', 'P' );
insert into Consultant_Competence(ConsultantId, CompetenceId, ParentId) values ( 80, 'P1', 'P' );
insert into Consultant_Competence(ConsultantId, CompetenceId, ParentId) values ( 80, 'P1.2', 'P1' );
insert into Consultant_Competence(ConsultantId, CompetenceId, ParentId) values ( 81, '3', 'CM' );
insert into Consultant_Competence(ConsultantId, CompetenceId, ParentId) values ( 81, '3.3', '3' );
insert into Consultant_Competence(ConsultantId, CompetenceId, ParentId) values ( 81, 'CM', 'CM' );
insert into Consultant_Competence(ConsultantId, CompetenceId, ParentId) values ( 81, 'P', 'P' );
insert into Consultant_Competence(ConsultantId, CompetenceId, ParentId) values ( 81, 'P1', 'P' );
insert into Consultant_Competence(ConsultantId, CompetenceId, ParentId) values ( 81, 'P1.2', 'P1' );
insert into Consultant_Competence(ConsultantId, CompetenceId, ParentId) values ( 82, '3', 'CM' );
insert into Consultant_Competence(ConsultantId, CompetenceId, ParentId) values ( 82, '3.2', '3' );
insert into Consultant_Competence(ConsultantId, CompetenceId, ParentId) values ( 82, 'CM', 'CM' );
insert into Consultant_Competence(ConsultantId, CompetenceId, ParentId) values ( 82, 'P', 'P' );
insert into Consultant_Competence(ConsultantId, CompetenceId, ParentId) values ( 82, 'P1', 'P' );
insert into Consultant_Competence(ConsultantId, CompetenceId, ParentId) values ( 82, 'P1.2', 'P1' );
insert into Consultant_Competence(ConsultantId, CompetenceId, ParentId) values ( 83, 'P', 'P' );
insert into Consultant_Competence(ConsultantId, CompetenceId, ParentId) values ( 83, 'P1', 'P' );
insert into Consultant_Competence(ConsultantId, CompetenceId, ParentId) values ( 83, 'P1.2', 'P1' );
insert into Consultant_Competence(ConsultantId, CompetenceId, ParentId) values ( 84, 'P', 'P' );
insert into Consultant_Competence(ConsultantId, CompetenceId, ParentId) values ( 84, 'P1', 'P' );
insert into Consultant_Competence(ConsultantId, CompetenceId, ParentId) values ( 84, 'P1.2', 'P1' );
insert into Consultant_Competence(ConsultantId, CompetenceId, ParentId) values ( 85, 'P', 'P' );
insert into Consultant_Competence(ConsultantId, CompetenceId, ParentId) values ( 85, 'P1', 'P' );
insert into Consultant_Competence(ConsultantId, CompetenceId, ParentId) values ( 85, 'P1.2', 'P1' );
insert into Consultant_Competence(ConsultantId, CompetenceId, ParentId) values ( 86, '3', 'CM' );
insert into Consultant_Competence(ConsultantId, CompetenceId, ParentId) values ( 86, '3.3', '3' );
insert into Consultant_Competence(ConsultantId, CompetenceId, ParentId) values ( 86, 'CM', 'CM' );
insert into Consultant_Competence(ConsultantId, CompetenceId, ParentId) values ( 86, 'P', 'P' );
insert into Consultant_Competence(ConsultantId, CompetenceId, ParentId) values ( 86, 'P1', 'P' );
insert into Consultant_Competence(ConsultantId, CompetenceId, ParentId) values ( 86, 'P1.2', 'P1' );
insert into Consultant_Competence(ConsultantId, CompetenceId, ParentId) values ( 87, 'P', 'P' );
insert into Consultant_Competence(ConsultantId, CompetenceId, ParentId) values ( 87, 'P1', 'P' );
insert into Consultant_Competence(ConsultantId, CompetenceId, ParentId) values ( 87, 'P1.2', 'P1' );
insert into Consultant_Competence(ConsultantId, CompetenceId, ParentId) values ( 88, '3', 'CM' );
insert into Consultant_Competence(ConsultantId, CompetenceId, ParentId) values ( 88, '3.2', '3' );
insert into Consultant_Competence(ConsultantId, CompetenceId, ParentId) values ( 88, 'CM', 'CM' );
insert into Consultant_Competence(ConsultantId, CompetenceId, ParentId) values ( 88, 'P', 'P' );
insert into Consultant_Competence(ConsultantId, CompetenceId, ParentId) values ( 88, 'P1', 'P' );
insert into Consultant_Competence(ConsultantId, CompetenceId, ParentId) values ( 88, 'P1.2', 'P1' );
insert into Consultant_Competence(ConsultantId, CompetenceId, ParentId) values ( 89, 'P', 'P' );
insert into Consultant_Competence(ConsultantId, CompetenceId, ParentId) values ( 89, 'P1', 'P' );
insert into Consultant_Competence(ConsultantId, CompetenceId, ParentId) values ( 89, 'P1.2', 'P1' );
insert into Consultant_Competence(ConsultantId, CompetenceId, ParentId) values ( 90, '2', 'CM' );
insert into Consultant_Competence(ConsultantId, CompetenceId, ParentId) values ( 90, '2.7', '2' );
insert into Consultant_Competence(ConsultantId, CompetenceId, ParentId) values ( 90, 'CM', 'CM' );
insert into Consultant_Competence(ConsultantId, CompetenceId, ParentId) values ( 90, 'P', 'P' );
insert into Consultant_Competence(ConsultantId, CompetenceId, ParentId) values ( 90, 'P1', 'P' );
insert into Consultant_Competence(ConsultantId, CompetenceId, ParentId) values ( 90, 'P1.2', 'P1' );
insert into Consultant_Competence(ConsultantId, CompetenceId, ParentId) values ( 91, 'P', 'P' );
insert into Consultant_Competence(ConsultantId, CompetenceId, ParentId) values ( 91, 'P1', 'P' );
insert into Consultant_Competence(ConsultantId, CompetenceId, ParentId) values ( 91, 'P1.2', 'P1' );
insert into Consultant_Competence(ConsultantId, CompetenceId, ParentId) values ( 92, '4', 'CM' );
insert into Consultant_Competence(ConsultantId, CompetenceId, ParentId) values ( 92, '4.6', '4' );
insert into Consultant_Competence(ConsultantId, CompetenceId, ParentId) values ( 92, '8', 'CM' );
insert into Consultant_Competence(ConsultantId, CompetenceId, ParentId) values ( 92, '8.4', '8' );
insert into Consultant_Competence(ConsultantId, CompetenceId, ParentId) values ( 92, 'CM', 'CM' );
insert into Consultant_Competence(ConsultantId, CompetenceId, ParentId) values ( 92, 'P', 'P' );
insert into Consultant_Competence(ConsultantId, CompetenceId, ParentId) values ( 92, 'P1', 'P' );
insert into Consultant_Competence(ConsultantId, CompetenceId, ParentId) values ( 92, 'P1.2', 'P1' );
insert into Consultant_Competence(ConsultantId, CompetenceId, ParentId) values ( 93, '2', 'CM' );
insert into Consultant_Competence(ConsultantId, CompetenceId, ParentId) values ( 93, '2.2', '2' );
insert into Consultant_Competence(ConsultantId, CompetenceId, ParentId) values ( 93, 'CM', 'CM' );
insert into Consultant_Competence(ConsultantId, CompetenceId, ParentId) values ( 93, 'P', 'P' );
insert into Consultant_Competence(ConsultantId, CompetenceId, ParentId) values ( 93, 'P1', 'P' );
insert into Consultant_Competence(ConsultantId, CompetenceId, ParentId) values ( 93, 'P1.2', 'P1' );
insert into Consultant_Competence(ConsultantId, CompetenceId, ParentId) values ( 94, 'P', 'P' );
insert into Consultant_Competence(ConsultantId, CompetenceId, ParentId) values ( 94, 'P1', 'P' );
insert into Consultant_Competence(ConsultantId, CompetenceId, ParentId) values ( 94, 'P1.2', 'P1' );
insert into Consultant_Competence(ConsultantId, CompetenceId, ParentId) values ( 95, 'P', 'P' );
insert into Consultant_Competence(ConsultantId, CompetenceId, ParentId) values ( 95, 'P1', 'P' );
insert into Consultant_Competence(ConsultantId, CompetenceId, ParentId) values ( 95, 'P1.2', 'P1' );
insert into Consultant_Competence(ConsultantId, CompetenceId, ParentId) values ( 96, 'P', 'P' );
insert into Consultant_Competence(ConsultantId, CompetenceId, ParentId) values ( 96, 'P1', 'P' );
insert into Consultant_Competence(ConsultantId, CompetenceId, ParentId) values ( 96, 'P1.2', 'P1' );
insert into Consultant_Competence(ConsultantId, CompetenceId, ParentId) values ( 97, 'P', 'P' );
insert into Consultant_Competence(ConsultantId, CompetenceId, ParentId) values ( 97, 'P1', 'P' );
insert into Consultant_Competence(ConsultantId, CompetenceId, ParentId) values ( 97, 'P1.2', 'P1' );
insert into Consultant_Competence(ConsultantId, CompetenceId, ParentId) values ( 98, 'P', 'P' );
insert into Consultant_Competence(ConsultantId, CompetenceId, ParentId) values ( 98, 'P1', 'P' );
insert into Consultant_Competence(ConsultantId, CompetenceId, ParentId) values ( 98, 'P1.2', 'P1' );
insert into Consultant_Competence(ConsultantId, CompetenceId, ParentId) values ( 99, '3', 'CM' );
insert into Consultant_Competence(ConsultantId, CompetenceId, ParentId) values ( 99, '3.2', '3' );
insert into Consultant_Competence(ConsultantId, CompetenceId, ParentId) values ( 99, 'CM', 'CM' );
insert into Consultant_Competence(ConsultantId, CompetenceId, ParentId) values ( 99, 'P', 'P' );
insert into Consultant_Competence(ConsultantId, CompetenceId, ParentId) values ( 99, 'P1', 'P' );
insert into Consultant_Competence(ConsultantId, CompetenceId, ParentId) values ( 99, 'P1.2', 'P1' );
insert into Consultant_Competence(ConsultantId, CompetenceId, ParentId) values ( 100, 'P', 'P' );
insert into Consultant_Competence(ConsultantId, CompetenceId, ParentId) values ( 100, 'P1', 'P' );
insert into Consultant_Competence(ConsultantId, CompetenceId, ParentId) values ( 100, 'P1.2', 'P1' );
insert into Consultant_Competence(ConsultantId, CompetenceId, ParentId) values ( 101, '4', 'CM' );
insert into Consultant_Competence(ConsultantId, CompetenceId, ParentId) values ( 101, '4.3', '4' );
insert into Consultant_Competence(ConsultantId, CompetenceId, ParentId) values ( 101, 'CM', 'CM' );
insert into Consultant_Competence(ConsultantId, CompetenceId, ParentId) values ( 101, 'P', 'P' );
insert into Consultant_Competence(ConsultantId, CompetenceId, ParentId) values ( 101, 'P1', 'P' );
insert into Consultant_Competence(ConsultantId, CompetenceId, ParentId) values ( 101, 'P1.2', 'P1' );
insert into Consultant_Competence(ConsultantId, CompetenceId, ParentId) values ( 102, '3', 'CM' );
insert into Consultant_Competence(ConsultantId, CompetenceId, ParentId) values ( 102, '3.2', '3' );
insert into Consultant_Competence(ConsultantId, CompetenceId, ParentId) values ( 102, 'CM', 'CM' );
insert into Consultant_Competence(ConsultantId, CompetenceId, ParentId) values ( 102, 'P', 'P' );
insert into Consultant_Competence(ConsultantId, CompetenceId, ParentId) values ( 102, 'P1', 'P' );
insert into Consultant_Competence(ConsultantId, CompetenceId, ParentId) values ( 102, 'P1.2', 'P1' );
insert into Consultant_Competence(ConsultantId, CompetenceId, ParentId) values ( 103, '3', 'CM' );
insert into Consultant_Competence(ConsultantId, CompetenceId, ParentId) values ( 103, '3.2', '3' );
insert into Consultant_Competence(ConsultantId, CompetenceId, ParentId) values ( 103, 'CM', 'CM' );
insert into Consultant_Competence(ConsultantId, CompetenceId, ParentId) values ( 103, 'P', 'P' );
insert into Consultant_Competence(ConsultantId, CompetenceId, ParentId) values ( 103, 'P1', 'P' );
insert into Consultant_Competence(ConsultantId, CompetenceId, ParentId) values ( 103, 'P1.2', 'P1' );
insert into Consultant_Competence(ConsultantId, CompetenceId, ParentId) values ( 104, 'P', 'P' );
insert into Consultant_Competence(ConsultantId, CompetenceId, ParentId) values ( 104, 'P1', 'P' );
insert into Consultant_Competence(ConsultantId, CompetenceId, ParentId) values ( 104, 'P1.2', 'P1' );
insert into Consultant_Competence(ConsultantId, CompetenceId, ParentId) values ( 105, '1', 'CM' );
insert into Consultant_Competence(ConsultantId, CompetenceId, ParentId) values ( 105, '1.1', '1' );
insert into Consultant_Competence(ConsultantId, CompetenceId, ParentId) values ( 105, 'CM', 'CM' );
insert into Consultant_Competence(ConsultantId, CompetenceId, ParentId) values ( 105, 'P', 'P' );
insert into Consultant_Competence(ConsultantId, CompetenceId, ParentId) values ( 105, 'P1', 'P' );
insert into Consultant_Competence(ConsultantId, CompetenceId, ParentId) values ( 105, 'P1.2', 'P1' );
insert into Consultant_Competence(ConsultantId, CompetenceId, ParentId) values ( 106, 'P', 'P' );
insert into Consultant_Competence(ConsultantId, CompetenceId, ParentId) values ( 106, 'P1', 'P' );
insert into Consultant_Competence(ConsultantId, CompetenceId, ParentId) values ( 106, 'P1.2', 'P1' );
insert into Consultant_Competence(ConsultantId, CompetenceId, ParentId) values ( 107, '2', 'CM' );
insert into Consultant_Competence(ConsultantId, CompetenceId, ParentId) values ( 107, '2.6', '2' );
insert into Consultant_Competence(ConsultantId, CompetenceId, ParentId) values ( 107, '5', 'CM' );
insert into Consultant_Competence(ConsultantId, CompetenceId, ParentId) values ( 107, '5.1', '5' );
insert into Consultant_Competence(ConsultantId, CompetenceId, ParentId) values ( 107, '5.3', '5' );
insert into Consultant_Competence(ConsultantId, CompetenceId, ParentId) values ( 107, 'CM', 'CM' );
insert into Consultant_Competence(ConsultantId, CompetenceId, ParentId) values ( 107, 'P', 'P' );
insert into Consultant_Competence(ConsultantId, CompetenceId, ParentId) values ( 107, 'P1', 'P' );
insert into Consultant_Competence(ConsultantId, CompetenceId, ParentId) values ( 107, 'P1.2', 'P1' );
insert into Consultant_Competence(ConsultantId, CompetenceId, ParentId) values ( 108, 'P', 'P' );
insert into Consultant_Competence(ConsultantId, CompetenceId, ParentId) values ( 108, 'P1', 'P' );
insert into Consultant_Competence(ConsultantId, CompetenceId, ParentId) values ( 108, 'P1.2', 'P1' );
insert into Consultant_Competence(ConsultantId, CompetenceId, ParentId) values ( 109, '3', 'CM' );
insert into Consultant_Competence(ConsultantId, CompetenceId, ParentId) values ( 109, '3.3', '3' );
insert into Consultant_Competence(ConsultantId, CompetenceId, ParentId) values ( 109, '5', 'CM' );
insert into Consultant_Competence(ConsultantId, CompetenceId, ParentId) values ( 109, '5.1', '5' );
insert into Consultant_Competence(ConsultantId, CompetenceId, ParentId) values ( 109, 'CM', 'CM' );
insert into Consultant_Competence(ConsultantId, CompetenceId, ParentId) values ( 109, 'P', 'P' );
insert into Consultant_Competence(ConsultantId, CompetenceId, ParentId) values ( 109, 'P1', 'P' );
insert into Consultant_Competence(ConsultantId, CompetenceId, ParentId) values ( 109, 'P1.2', 'P1' );
insert into Consultant_Competence(ConsultantId, CompetenceId, ParentId) values ( 110, 'P', 'P' );
insert into Consultant_Competence(ConsultantId, CompetenceId, ParentId) values ( 110, 'P1', 'P' );
insert into Consultant_Competence(ConsultantId, CompetenceId, ParentId) values ( 110, 'P1.2', 'P1' );
insert into Consultant_Competence(ConsultantId, CompetenceId, ParentId) values ( 111, 'P', 'P' );
insert into Consultant_Competence(ConsultantId, CompetenceId, ParentId) values ( 111, 'P1', 'P' );
insert into Consultant_Competence(ConsultantId, CompetenceId, ParentId) values ( 111, 'P1.2', 'P1' );
insert into Consultant_Competence(ConsultantId, CompetenceId, ParentId) values ( 112, 'P', 'P' );
insert into Consultant_Competence(ConsultantId, CompetenceId, ParentId) values ( 112, 'P1', 'P' );
insert into Consultant_Competence(ConsultantId, CompetenceId, ParentId) values ( 112, 'P1.2', 'P1' );
insert into Consultant_Competence(ConsultantId, CompetenceId, ParentId) values ( 113, '3', 'CM' );
insert into Consultant_Competence(ConsultantId, CompetenceId, ParentId) values ( 113, '3.2', '3' );
insert into Consultant_Competence(ConsultantId, CompetenceId, ParentId) values ( 113, '5', 'CM' );
insert into Consultant_Competence(ConsultantId, CompetenceId, ParentId) values ( 113, '5.1', '5' );
insert into Consultant_Competence(ConsultantId, CompetenceId, ParentId) values ( 113, 'CM', 'CM' );
insert into Consultant_Competence(ConsultantId, CompetenceId, ParentId) values ( 113, 'P', 'P' );
insert into Consultant_Competence(ConsultantId, CompetenceId, ParentId) values ( 113, 'P1', 'P' );
insert into Consultant_Competence(ConsultantId, CompetenceId, ParentId) values ( 113, 'P1.2', 'P1' );
insert into Consultant_Competence(ConsultantId, CompetenceId, ParentId) values ( 114, 'P', 'P' );
insert into Consultant_Competence(ConsultantId, CompetenceId, ParentId) values ( 114, 'P1', 'P' );
insert into Consultant_Competence(ConsultantId, CompetenceId, ParentId) values ( 114, 'P1.2', 'P1' );
insert into Consultant_Competence(ConsultantId, CompetenceId, ParentId) values ( 115, 'P', 'P' );
insert into Consultant_Competence(ConsultantId, CompetenceId, ParentId) values ( 115, 'P1', 'P' );
insert into Consultant_Competence(ConsultantId, CompetenceId, ParentId) values ( 115, 'P1.2', 'P1' );
insert into Consultant_Competence(ConsultantId, CompetenceId, ParentId) values ( 116, '1', 'CM' );
insert into Consultant_Competence(ConsultantId, CompetenceId, ParentId) values ( 116, '1.1', '1' );
insert into Consultant_Competence(ConsultantId, CompetenceId, ParentId) values ( 116, 'CM', 'CM' );
insert into Consultant_Competence(ConsultantId, CompetenceId, ParentId) values ( 116, 'P', 'P' );
insert into Consultant_Competence(ConsultantId, CompetenceId, ParentId) values ( 116, 'P1', 'P' );
insert into Consultant_Competence(ConsultantId, CompetenceId, ParentId) values ( 116, 'P1.2', 'P1' );
insert into Consultant_Competence(ConsultantId, CompetenceId, ParentId) values ( 117, '4', 'CM' );
insert into Consultant_Competence(ConsultantId, CompetenceId, ParentId) values ( 117, '4.8', '4' );
insert into Consultant_Competence(ConsultantId, CompetenceId, ParentId) values ( 117, 'CM', 'CM' );
insert into Consultant_Competence(ConsultantId, CompetenceId, ParentId) values ( 117, 'P', 'P' );
insert into Consultant_Competence(ConsultantId, CompetenceId, ParentId) values ( 117, 'P1', 'P' );
insert into Consultant_Competence(ConsultantId, CompetenceId, ParentId) values ( 117, 'P1.2', 'P1' );
insert into Consultant_Competence(ConsultantId, CompetenceId, ParentId) values ( 118, '3', 'CM' );
insert into Consultant_Competence(ConsultantId, CompetenceId, ParentId) values ( 118, '3.3', '3' );
insert into Consultant_Competence(ConsultantId, CompetenceId, ParentId) values ( 118, 'CM', 'CM' );
insert into Consultant_Competence(ConsultantId, CompetenceId, ParentId) values ( 118, 'P', 'P' );
insert into Consultant_Competence(ConsultantId, CompetenceId, ParentId) values ( 118, 'P1', 'P' );
insert into Consultant_Competence(ConsultantId, CompetenceId, ParentId) values ( 118, 'P1.2', 'P1' );
insert into Consultant_Competence(ConsultantId, CompetenceId, ParentId) values ( 119, 'P', 'P' );
insert into Consultant_Competence(ConsultantId, CompetenceId, ParentId) values ( 119, 'P1', 'P' );
insert into Consultant_Competence(ConsultantId, CompetenceId, ParentId) values ( 119, 'P1.2', 'P1' );
insert into Consultant_Competence(ConsultantId, CompetenceId, ParentId) values ( 120, '2', 'CM' );
insert into Consultant_Competence(ConsultantId, CompetenceId, ParentId) values ( 120, '2.1', '2' );
insert into Consultant_Competence(ConsultantId, CompetenceId, ParentId) values ( 120, '2.3', '2' );
insert into Consultant_Competence(ConsultantId, CompetenceId, ParentId) values ( 120, '2.7', '2' );
insert into Consultant_Competence(ConsultantId, CompetenceId, ParentId) values ( 120, '6', 'CM' );
insert into Consultant_Competence(ConsultantId, CompetenceId, ParentId) values ( 120, '6.1', '6' );
insert into Consultant_Competence(ConsultantId, CompetenceId, ParentId) values ( 120, 'CM', 'CM' );
insert into Consultant_Competence(ConsultantId, CompetenceId, ParentId) values ( 120, 'P', 'P' );
insert into Consultant_Competence(ConsultantId, CompetenceId, ParentId) values ( 120, 'P1', 'P' );
insert into Consultant_Competence(ConsultantId, CompetenceId, ParentId) values ( 120, 'P1.3', 'P1' );
insert into Consultant_Competence(ConsultantId, CompetenceId, ParentId) values ( 121, '2', 'CM' );
insert into Consultant_Competence(ConsultantId, CompetenceId, ParentId) values ( 121, '2.3', '2' );
insert into Consultant_Competence(ConsultantId, CompetenceId, ParentId) values ( 121, '4', 'CM' );
insert into Consultant_Competence(ConsultantId, CompetenceId, ParentId) values ( 121, '4.4', '4' );
insert into Consultant_Competence(ConsultantId, CompetenceId, ParentId) values ( 121, '4.8', '4' );
insert into Consultant_Competence(ConsultantId, CompetenceId, ParentId) values ( 121, '6', 'CM' );
insert into Consultant_Competence(ConsultantId, CompetenceId, ParentId) values ( 121, '6.1', '6' );
insert into Consultant_Competence(ConsultantId, CompetenceId, ParentId) values ( 121, 'CM', 'CM' );
insert into Consultant_Competence(ConsultantId, CompetenceId, ParentId) values ( 121, 'P', 'P' );
insert into Consultant_Competence(ConsultantId, CompetenceId, ParentId) values ( 121, 'P1', 'P' );
insert into Consultant_Competence(ConsultantId, CompetenceId, ParentId) values ( 121, 'P1.3', 'P1' );
insert into Consultant_Competence(ConsultantId, CompetenceId, ParentId) values ( 122, '2', 'CM' );
insert into Consultant_Competence(ConsultantId, CompetenceId, ParentId) values ( 122, '2.1', '2' );
insert into Consultant_Competence(ConsultantId, CompetenceId, ParentId) values ( 122, '2.2', '2' );
insert into Consultant_Competence(ConsultantId, CompetenceId, ParentId) values ( 122, 'CM', 'CM' );
insert into Consultant_Competence(ConsultantId, CompetenceId, ParentId) values ( 122, 'P', 'P' );
insert into Consultant_Competence(ConsultantId, CompetenceId, ParentId) values ( 122, 'P1', 'P' );
insert into Consultant_Competence(ConsultantId, CompetenceId, ParentId) values ( 122, 'P1.3', 'P1' );
insert into Consultant_Competence(ConsultantId, CompetenceId, ParentId) values ( 123, '2', 'CM' );
insert into Consultant_Competence(ConsultantId, CompetenceId, ParentId) values ( 123, '2.1', '2' );
insert into Consultant_Competence(ConsultantId, CompetenceId, ParentId) values ( 123, '2.3', '2' );
insert into Consultant_Competence(ConsultantId, CompetenceId, ParentId) values ( 123, '2.7', '2' );
insert into Consultant_Competence(ConsultantId, CompetenceId, ParentId) values ( 123, '6', 'CM' );
insert into Consultant_Competence(ConsultantId, CompetenceId, ParentId) values ( 123, '6.1', '6' );
insert into Consultant_Competence(ConsultantId, CompetenceId, ParentId) values ( 123, '6.2', '6' );
insert into Consultant_Competence(ConsultantId, CompetenceId, ParentId) values ( 123, '6.3', '6' );
insert into Consultant_Competence(ConsultantId, CompetenceId, ParentId) values ( 123, 'CM', 'CM' );
insert into Consultant_Competence(ConsultantId, CompetenceId, ParentId) values ( 123, 'P', 'P' );
insert into Consultant_Competence(ConsultantId, CompetenceId, ParentId) values ( 123, 'P1', 'P' );
insert into Consultant_Competence(ConsultantId, CompetenceId, ParentId) values ( 123, 'P1.3', 'P1' );
insert into Consultant_Competence(ConsultantId, CompetenceId, ParentId) values ( 124, '2', 'CM' );
insert into Consultant_Competence(ConsultantId, CompetenceId, ParentId) values ( 124, '2.3', '2' );
insert into Consultant_Competence(ConsultantId, CompetenceId, ParentId) values ( 124, '4', 'CM' );
insert into Consultant_Competence(ConsultantId, CompetenceId, ParentId) values ( 124, '4.4', '4' );
insert into Consultant_Competence(ConsultantId, CompetenceId, ParentId) values ( 124, '4.6', '4' );
insert into Consultant_Competence(ConsultantId, CompetenceId, ParentId) values ( 124, '6', 'CM' );
insert into Consultant_Competence(ConsultantId, CompetenceId, ParentId) values ( 124, '6.1', '6' );
insert into Consultant_Competence(ConsultantId, CompetenceId, ParentId) values ( 124, 'CM', 'CM' );
insert into Consultant_Competence(ConsultantId, CompetenceId, ParentId) values ( 124, 'P', 'P' );
insert into Consultant_Competence(ConsultantId, CompetenceId, ParentId) values ( 124, 'P1', 'P' );
insert into Consultant_Competence(ConsultantId, CompetenceId, ParentId) values ( 124, 'P1.3', 'P1' );
insert into Consultant_Competence(ConsultantId, CompetenceId, ParentId) values ( 125, '2', 'CM' );
insert into Consultant_Competence(ConsultantId, CompetenceId, ParentId) values ( 125, '2.3', '2' );
insert into Consultant_Competence(ConsultantId, CompetenceId, ParentId) values ( 125, '6', 'CM' );
insert into Consultant_Competence(ConsultantId, CompetenceId, ParentId) values ( 125, '6.1', '6' );
insert into Consultant_Competence(ConsultantId, CompetenceId, ParentId) values ( 125, 'CM', 'CM' );
insert into Consultant_Competence(ConsultantId, CompetenceId, ParentId) values ( 125, 'P', 'P' );
insert into Consultant_Competence(ConsultantId, CompetenceId, ParentId) values ( 125, 'P1', 'P' );
insert into Consultant_Competence(ConsultantId, CompetenceId, ParentId) values ( 125, 'P1.3', 'P1' );
insert into Consultant_Competence(ConsultantId, CompetenceId, ParentId) values ( 126, '2', 'CM' );
insert into Consultant_Competence(ConsultantId, CompetenceId, ParentId) values ( 126, '2.2', '2' );
insert into Consultant_Competence(ConsultantId, CompetenceId, ParentId) values ( 126, '2.3', '2' );
insert into Consultant_Competence(ConsultantId, CompetenceId, ParentId) values ( 126, '2.7', '2' );
insert into Consultant_Competence(ConsultantId, CompetenceId, ParentId) values ( 126, '3', 'CM' );
insert into Consultant_Competence(ConsultantId, CompetenceId, ParentId) values ( 126, '3.2', '3' );
insert into Consultant_Competence(ConsultantId, CompetenceId, ParentId) values ( 126, '3.3', '3' );
insert into Consultant_Competence(ConsultantId, CompetenceId, ParentId) values ( 126, '4', 'CM' );
insert into Consultant_Competence(ConsultantId, CompetenceId, ParentId) values ( 126, '4.4', '4' );
insert into Consultant_Competence(ConsultantId, CompetenceId, ParentId) values ( 126, '4.6', '4' );
insert into Consultant_Competence(ConsultantId, CompetenceId, ParentId) values ( 126, '4.7', '4' );
insert into Consultant_Competence(ConsultantId, CompetenceId, ParentId) values ( 126, 'CM', 'CM' );
insert into Consultant_Competence(ConsultantId, CompetenceId, ParentId) values ( 126, 'P', 'P' );
insert into Consultant_Competence(ConsultantId, CompetenceId, ParentId) values ( 126, 'P1', 'P' );
insert into Consultant_Competence(ConsultantId, CompetenceId, ParentId) values ( 126, 'P1.3', 'P1' );
insert into Consultant_Competence(ConsultantId, CompetenceId, ParentId) values ( 126, 'P1.4', 'P1' );
insert into Consultant_Competence(ConsultantId, CompetenceId, ParentId) values ( 127, '4', 'CM' );
insert into Consultant_Competence(ConsultantId, CompetenceId, ParentId) values ( 127, '4.4', '4' );
insert into Consultant_Competence(ConsultantId, CompetenceId, ParentId) values ( 127, '4.6', '4' );
insert into Consultant_Competence(ConsultantId, CompetenceId, ParentId) values ( 127, 'CM', 'CM' );
insert into Consultant_Competence(ConsultantId, CompetenceId, ParentId) values ( 127, 'P', 'P' );
insert into Consultant_Competence(ConsultantId, CompetenceId, ParentId) values ( 127, 'P1', 'P' );
insert into Consultant_Competence(ConsultantId, CompetenceId, ParentId) values ( 127, 'P1.3', 'P1' );
insert into Consultant_Competence(ConsultantId, CompetenceId, ParentId) values ( 128, '2', 'CM' );
insert into Consultant_Competence(ConsultantId, CompetenceId, ParentId) values ( 128, '2.1', '2' );
insert into Consultant_Competence(ConsultantId, CompetenceId, ParentId) values ( 128, '2.3', '2' );
insert into Consultant_Competence(ConsultantId, CompetenceId, ParentId) values ( 128, '2.7', '2' );
insert into Consultant_Competence(ConsultantId, CompetenceId, ParentId) values ( 128, '6', 'CM' );
insert into Consultant_Competence(ConsultantId, CompetenceId, ParentId) values ( 128, '6.1', '6' );
insert into Consultant_Competence(ConsultantId, CompetenceId, ParentId) values ( 128, '6.2', '6' );
insert into Consultant_Competence(ConsultantId, CompetenceId, ParentId) values ( 128, '6.3', '6' );
insert into Consultant_Competence(ConsultantId, CompetenceId, ParentId) values ( 128, 'CM', 'CM' );
insert into Consultant_Competence(ConsultantId, CompetenceId, ParentId) values ( 128, 'P', 'P' );
insert into Consultant_Competence(ConsultantId, CompetenceId, ParentId) values ( 128, 'P1', 'P' );
insert into Consultant_Competence(ConsultantId, CompetenceId, ParentId) values ( 128, 'P1.3', 'P1' );
insert into Consultant_Competence(ConsultantId, CompetenceId, ParentId) values ( 129, '2', 'CM' );
insert into Consultant_Competence(ConsultantId, CompetenceId, ParentId) values ( 129, '2.3', '2' );
insert into Consultant_Competence(ConsultantId, CompetenceId, ParentId) values ( 129, '4', 'CM' );
insert into Consultant_Competence(ConsultantId, CompetenceId, ParentId) values ( 129, '4.4', '4' );
insert into Consultant_Competence(ConsultantId, CompetenceId, ParentId) values ( 129, '6', 'CM' );
insert into Consultant_Competence(ConsultantId, CompetenceId, ParentId) values ( 129, '6.1', '6' );
insert into Consultant_Competence(ConsultantId, CompetenceId, ParentId) values ( 129, 'CM', 'CM' );
insert into Consultant_Competence(ConsultantId, CompetenceId, ParentId) values ( 129, 'P', 'P' );
insert into Consultant_Competence(ConsultantId, CompetenceId, ParentId) values ( 129, 'P1', 'P' );
insert into Consultant_Competence(ConsultantId, CompetenceId, ParentId) values ( 129, 'P1.3', 'P1' );
insert into Consultant_Competence(ConsultantId, CompetenceId, ParentId) values ( 130, '4', 'CM' );
insert into Consultant_Competence(ConsultantId, CompetenceId, ParentId) values ( 130, '4.4', '4' );
insert into Consultant_Competence(ConsultantId, CompetenceId, ParentId) values ( 130, 'CM', 'CM' );
insert into Consultant_Competence(ConsultantId, CompetenceId, ParentId) values ( 130, 'P', 'P' );
insert into Consultant_Competence(ConsultantId, CompetenceId, ParentId) values ( 130, 'P1', 'P' );
insert into Consultant_Competence(ConsultantId, CompetenceId, ParentId) values ( 130, 'P1.3', 'P1' );
insert into Consultant_Competence(ConsultantId, CompetenceId, ParentId) values ( 131, '2', 'CM' );
insert into Consultant_Competence(ConsultantId, CompetenceId, ParentId) values ( 131, '2.3', '2' );
insert into Consultant_Competence(ConsultantId, CompetenceId, ParentId) values ( 131, '2.7', '2' );
insert into Consultant_Competence(ConsultantId, CompetenceId, ParentId) values ( 131, '6', 'CM' );
insert into Consultant_Competence(ConsultantId, CompetenceId, ParentId) values ( 131, '6.1', '6' );
insert into Consultant_Competence(ConsultantId, CompetenceId, ParentId) values ( 131, 'CM', 'CM' );
insert into Consultant_Competence(ConsultantId, CompetenceId, ParentId) values ( 131, 'P', 'P' );
insert into Consultant_Competence(ConsultantId, CompetenceId, ParentId) values ( 131, 'P1', 'P' );
insert into Consultant_Competence(ConsultantId, CompetenceId, ParentId) values ( 131, 'P1.3', 'P1' );
insert into Consultant_Competence(ConsultantId, CompetenceId, ParentId) values ( 132, '4', 'CM' );
insert into Consultant_Competence(ConsultantId, CompetenceId, ParentId) values ( 132, '4.8', '4' );
insert into Consultant_Competence(ConsultantId, CompetenceId, ParentId) values ( 132, '7', 'CM' );
insert into Consultant_Competence(ConsultantId, CompetenceId, ParentId) values ( 132, '7.4', '7' );
insert into Consultant_Competence(ConsultantId, CompetenceId, ParentId) values ( 132, 'CM', 'CM' );
insert into Consultant_Competence(ConsultantId, CompetenceId, ParentId) values ( 132, 'P', 'P' );
insert into Consultant_Competence(ConsultantId, CompetenceId, ParentId) values ( 132, 'P1', 'P' );
insert into Consultant_Competence(ConsultantId, CompetenceId, ParentId) values ( 132, 'P1.3', 'P1' );
insert into Consultant_Competence(ConsultantId, CompetenceId, ParentId) values ( 133, '4', 'CM' );
insert into Consultant_Competence(ConsultantId, CompetenceId, ParentId) values ( 133, '4.3', '4' );
insert into Consultant_Competence(ConsultantId, CompetenceId, ParentId) values ( 133, '4.4', '4' );
insert into Consultant_Competence(ConsultantId, CompetenceId, ParentId) values ( 133, 'CM', 'CM' );
insert into Consultant_Competence(ConsultantId, CompetenceId, ParentId) values ( 133, 'P', 'P' );
insert into Consultant_Competence(ConsultantId, CompetenceId, ParentId) values ( 133, 'P1', 'P' );
insert into Consultant_Competence(ConsultantId, CompetenceId, ParentId) values ( 133, 'P1.3', 'P1' );
insert into Consultant_Competence(ConsultantId, CompetenceId, ParentId) values ( 134, '2', 'CM' );
insert into Consultant_Competence(ConsultantId, CompetenceId, ParentId) values ( 134, '2.2', '2' );
insert into Consultant_Competence(ConsultantId, CompetenceId, ParentId) values ( 134, 'CM', 'CM' );
insert into Consultant_Competence(ConsultantId, CompetenceId, ParentId) values ( 134, 'P', 'P' );
insert into Consultant_Competence(ConsultantId, CompetenceId, ParentId) values ( 134, 'P1', 'P' );
insert into Consultant_Competence(ConsultantId, CompetenceId, ParentId) values ( 134, 'P1.3', 'P1' );
insert into Consultant_Competence(ConsultantId, CompetenceId, ParentId) values ( 135, '1', 'CM' );
insert into Consultant_Competence(ConsultantId, CompetenceId, ParentId) values ( 135, '1.1', '1' );
insert into Consultant_Competence(ConsultantId, CompetenceId, ParentId) values ( 135, '2', 'CM' );
insert into Consultant_Competence(ConsultantId, CompetenceId, ParentId) values ( 135, '2.7', '2' );
insert into Consultant_Competence(ConsultantId, CompetenceId, ParentId) values ( 135, 'CM', 'CM' );
insert into Consultant_Competence(ConsultantId, CompetenceId, ParentId) values ( 135, 'P', 'P' );
insert into Consultant_Competence(ConsultantId, CompetenceId, ParentId) values ( 135, 'P1', 'P' );
insert into Consultant_Competence(ConsultantId, CompetenceId, ParentId) values ( 135, 'P1.3', 'P1' );
insert into Consultant_Competence(ConsultantId, CompetenceId, ParentId) values ( 136, '3', 'CM' );
insert into Consultant_Competence(ConsultantId, CompetenceId, ParentId) values ( 136, '3.2', '3' );
insert into Consultant_Competence(ConsultantId, CompetenceId, ParentId) values ( 136, '3.5', '3' );
insert into Consultant_Competence(ConsultantId, CompetenceId, ParentId) values ( 136, 'CM', 'CM' );
insert into Consultant_Competence(ConsultantId, CompetenceId, ParentId) values ( 136, 'P', 'P' );
insert into Consultant_Competence(ConsultantId, CompetenceId, ParentId) values ( 136, 'P1', 'P' );
insert into Consultant_Competence(ConsultantId, CompetenceId, ParentId) values ( 136, 'P1.3', 'P1' );
insert into Consultant_Competence(ConsultantId, CompetenceId, ParentId) values ( 137, '2', 'CM' );
insert into Consultant_Competence(ConsultantId, CompetenceId, ParentId) values ( 137, '2.1', '2' );
insert into Consultant_Competence(ConsultantId, CompetenceId, ParentId) values ( 137, '2.3', '2' );
insert into Consultant_Competence(ConsultantId, CompetenceId, ParentId) values ( 137, '2.7', '2' );
insert into Consultant_Competence(ConsultantId, CompetenceId, ParentId) values ( 137, '6', 'CM' );
insert into Consultant_Competence(ConsultantId, CompetenceId, ParentId) values ( 137, '6.1', '6' );
insert into Consultant_Competence(ConsultantId, CompetenceId, ParentId) values ( 137, '6.2', '6' );
insert into Consultant_Competence(ConsultantId, CompetenceId, ParentId) values ( 137, '6.3', '6' );
insert into Consultant_Competence(ConsultantId, CompetenceId, ParentId) values ( 137, 'CM', 'CM' );
insert into Consultant_Competence(ConsultantId, CompetenceId, ParentId) values ( 137, 'P', 'P' );
insert into Consultant_Competence(ConsultantId, CompetenceId, ParentId) values ( 137, 'P1', 'P' );
insert into Consultant_Competence(ConsultantId, CompetenceId, ParentId) values ( 137, 'P1.3', 'P1' );
insert into Consultant_Competence(ConsultantId, CompetenceId, ParentId) values ( 138, '3', 'CM' );
insert into Consultant_Competence(ConsultantId, CompetenceId, ParentId) values ( 138, '3.3', '3' );
insert into Consultant_Competence(ConsultantId, CompetenceId, ParentId) values ( 138, '3.4', '3' );
insert into Consultant_Competence(ConsultantId, CompetenceId, ParentId) values ( 138, '4', 'CM' );
insert into Consultant_Competence(ConsultantId, CompetenceId, ParentId) values ( 138, '4.4', '4' );
insert into Consultant_Competence(ConsultantId, CompetenceId, ParentId) values ( 138, '4.6', '4' );
insert into Consultant_Competence(ConsultantId, CompetenceId, ParentId) values ( 138, 'CM', 'CM' );
insert into Consultant_Competence(ConsultantId, CompetenceId, ParentId) values ( 138, 'P', 'P' );
insert into Consultant_Competence(ConsultantId, CompetenceId, ParentId) values ( 138, 'P1', 'P' );
insert into Consultant_Competence(ConsultantId, CompetenceId, ParentId) values ( 138, 'P1.3', 'P1' );
insert into Consultant_Competence(ConsultantId, CompetenceId, ParentId) values ( 139, '2', 'CM' );
insert into Consultant_Competence(ConsultantId, CompetenceId, ParentId) values ( 139, '2.3', '2' );
insert into Consultant_Competence(ConsultantId, CompetenceId, ParentId) values ( 139, '6', 'CM' );
insert into Consultant_Competence(ConsultantId, CompetenceId, ParentId) values ( 139, '6.1', '6' );
insert into Consultant_Competence(ConsultantId, CompetenceId, ParentId) values ( 139, 'CM', 'CM' );
insert into Consultant_Competence(ConsultantId, CompetenceId, ParentId) values ( 139, 'P', 'P' );
insert into Consultant_Competence(ConsultantId, CompetenceId, ParentId) values ( 139, 'P1', 'P' );
insert into Consultant_Competence(ConsultantId, CompetenceId, ParentId) values ( 139, 'P1.3', 'P1' );
insert into Consultant_Competence(ConsultantId, CompetenceId, ParentId) values ( 140, '4', 'CM' );
insert into Consultant_Competence(ConsultantId, CompetenceId, ParentId) values ( 140, '4.6', '4' );
insert into Consultant_Competence(ConsultantId, CompetenceId, ParentId) values ( 140, 'CM', 'CM' );
insert into Consultant_Competence(ConsultantId, CompetenceId, ParentId) values ( 140, 'P', 'P' );
insert into Consultant_Competence(ConsultantId, CompetenceId, ParentId) values ( 140, 'P1', 'P' );
insert into Consultant_Competence(ConsultantId, CompetenceId, ParentId) values ( 140, 'P1.3', 'P1' );
insert into Consultant_Competence(ConsultantId, CompetenceId, ParentId) values ( 141, '4', 'CM' );
insert into Consultant_Competence(ConsultantId, CompetenceId, ParentId) values ( 141, '4.6', '4' );
insert into Consultant_Competence(ConsultantId, CompetenceId, ParentId) values ( 141, 'CM', 'CM' );
insert into Consultant_Competence(ConsultantId, CompetenceId, ParentId) values ( 141, 'P', 'P' );
insert into Consultant_Competence(ConsultantId, CompetenceId, ParentId) values ( 141, 'P1', 'P' );
insert into Consultant_Competence(ConsultantId, CompetenceId, ParentId) values ( 141, 'P1.3', 'P1' );
insert into Consultant_Competence(ConsultantId, CompetenceId, ParentId) values ( 142, '3', 'CM' );
insert into Consultant_Competence(ConsultantId, CompetenceId, ParentId) values ( 142, '3.4', '3' );
insert into Consultant_Competence(ConsultantId, CompetenceId, ParentId) values ( 142, 'CM', 'CM' );
insert into Consultant_Competence(ConsultantId, CompetenceId, ParentId) values ( 142, 'P', 'P' );
insert into Consultant_Competence(ConsultantId, CompetenceId, ParentId) values ( 142, 'P1', 'P' );
insert into Consultant_Competence(ConsultantId, CompetenceId, ParentId) values ( 142, 'P1.3', 'P1' );
insert into Consultant_Competence(ConsultantId, CompetenceId, ParentId) values ( 143, '2', 'CM' );
insert into Consultant_Competence(ConsultantId, CompetenceId, ParentId) values ( 143, '2.3', '2' );
insert into Consultant_Competence(ConsultantId, CompetenceId, ParentId) values ( 143, '4', 'CM' );
insert into Consultant_Competence(ConsultantId, CompetenceId, ParentId) values ( 143, '4.4', '4' );
insert into Consultant_Competence(ConsultantId, CompetenceId, ParentId) values ( 143, '4.6', '4' );
insert into Consultant_Competence(ConsultantId, CompetenceId, ParentId) values ( 143, 'CM', 'CM' );
insert into Consultant_Competence(ConsultantId, CompetenceId, ParentId) values ( 143, 'P', 'P' );
insert into Consultant_Competence(ConsultantId, CompetenceId, ParentId) values ( 143, 'P1', 'P' );
insert into Consultant_Competence(ConsultantId, CompetenceId, ParentId) values ( 143, 'P1.3', 'P1' );
insert into Consultant_Competence(ConsultantId, CompetenceId, ParentId) values ( 144, '2', 'CM' );
insert into Consultant_Competence(ConsultantId, CompetenceId, ParentId) values ( 144, '2.3', '2' );
insert into Consultant_Competence(ConsultantId, CompetenceId, ParentId) values ( 144, '4', 'CM' );
insert into Consultant_Competence(ConsultantId, CompetenceId, ParentId) values ( 144, '4.3', '4' );
insert into Consultant_Competence(ConsultantId, CompetenceId, ParentId) values ( 144, '7', 'CM' );
insert into Consultant_Competence(ConsultantId, CompetenceId, ParentId) values ( 144, '7.3', '7' );
insert into Consultant_Competence(ConsultantId, CompetenceId, ParentId) values ( 144, 'CM', 'CM' );
insert into Consultant_Competence(ConsultantId, CompetenceId, ParentId) values ( 144, 'P', 'P' );
insert into Consultant_Competence(ConsultantId, CompetenceId, ParentId) values ( 144, 'P1', 'P' );
insert into Consultant_Competence(ConsultantId, CompetenceId, ParentId) values ( 144, 'P1.3', 'P1' );
insert into Consultant_Competence(ConsultantId, CompetenceId, ParentId) values ( 145, '3', 'CM' );
insert into Consultant_Competence(ConsultantId, CompetenceId, ParentId) values ( 145, '3.4', '3' );
insert into Consultant_Competence(ConsultantId, CompetenceId, ParentId) values ( 145, '4', 'CM' );
insert into Consultant_Competence(ConsultantId, CompetenceId, ParentId) values ( 145, '4.4', '4' );
insert into Consultant_Competence(ConsultantId, CompetenceId, ParentId) values ( 145, '4.6', '4' );
insert into Consultant_Competence(ConsultantId, CompetenceId, ParentId) values ( 145, 'CM', 'CM' );
insert into Consultant_Competence(ConsultantId, CompetenceId, ParentId) values ( 145, 'P', 'P' );
insert into Consultant_Competence(ConsultantId, CompetenceId, ParentId) values ( 145, 'P1', 'P' );
insert into Consultant_Competence(ConsultantId, CompetenceId, ParentId) values ( 145, 'P1.3', 'P1' );
insert into Consultant_Competence(ConsultantId, CompetenceId, ParentId) values ( 146, '2', 'CM' );
insert into Consultant_Competence(ConsultantId, CompetenceId, ParentId) values ( 146, '2.3', '2' );
insert into Consultant_Competence(ConsultantId, CompetenceId, ParentId) values ( 146, '2.7', '2' );
insert into Consultant_Competence(ConsultantId, CompetenceId, ParentId) values ( 146, '4', 'CM' );
insert into Consultant_Competence(ConsultantId, CompetenceId, ParentId) values ( 146, '4.4', '4' );
insert into Consultant_Competence(ConsultantId, CompetenceId, ParentId) values ( 146, '6', 'CM' );
insert into Consultant_Competence(ConsultantId, CompetenceId, ParentId) values ( 146, '6.1', '6' );
insert into Consultant_Competence(ConsultantId, CompetenceId, ParentId) values ( 146, 'CM', 'CM' );
insert into Consultant_Competence(ConsultantId, CompetenceId, ParentId) values ( 146, 'P', 'P' );
insert into Consultant_Competence(ConsultantId, CompetenceId, ParentId) values ( 146, 'P1', 'P' );
insert into Consultant_Competence(ConsultantId, CompetenceId, ParentId) values ( 146, 'P1.3', 'P1' );
insert into Consultant_Competence(ConsultantId, CompetenceId, ParentId) values ( 147, '3', 'CM' );
insert into Consultant_Competence(ConsultantId, CompetenceId, ParentId) values ( 147, '3.2', '3' );
insert into Consultant_Competence(ConsultantId, CompetenceId, ParentId) values ( 147, 'CM', 'CM' );
insert into Consultant_Competence(ConsultantId, CompetenceId, ParentId) values ( 147, 'P', 'P' );
insert into Consultant_Competence(ConsultantId, CompetenceId, ParentId) values ( 147, 'P1', 'P' );
insert into Consultant_Competence(ConsultantId, CompetenceId, ParentId) values ( 147, 'P1.3', 'P1' );
insert into Consultant_Competence(ConsultantId, CompetenceId, ParentId) values ( 148, '3', 'CM' );
insert into Consultant_Competence(ConsultantId, CompetenceId, ParentId) values ( 148, '3.4', '3' );
insert into Consultant_Competence(ConsultantId, CompetenceId, ParentId) values ( 148, 'CM', 'CM' );
insert into Consultant_Competence(ConsultantId, CompetenceId, ParentId) values ( 148, 'P', 'P' );
insert into Consultant_Competence(ConsultantId, CompetenceId, ParentId) values ( 148, 'P1', 'P' );
insert into Consultant_Competence(ConsultantId, CompetenceId, ParentId) values ( 148, 'P1.3', 'P1' );
insert into Consultant_Competence(ConsultantId, CompetenceId, ParentId) values ( 149, '2', 'CM' );
insert into Consultant_Competence(ConsultantId, CompetenceId, ParentId) values ( 149, '2.3', '2' );
insert into Consultant_Competence(ConsultantId, CompetenceId, ParentId) values ( 149, '6', 'CM' );
insert into Consultant_Competence(ConsultantId, CompetenceId, ParentId) values ( 149, '6.1', '6' );
insert into Consultant_Competence(ConsultantId, CompetenceId, ParentId) values ( 149, 'CM', 'CM' );
insert into Consultant_Competence(ConsultantId, CompetenceId, ParentId) values ( 149, 'P', 'P' );
insert into Consultant_Competence(ConsultantId, CompetenceId, ParentId) values ( 149, 'P1', 'P' );
insert into Consultant_Competence(ConsultantId, CompetenceId, ParentId) values ( 149, 'P1.3', 'P1' );
insert into Consultant_Competence(ConsultantId, CompetenceId, ParentId) values ( 150, '4', 'CM' );
insert into Consultant_Competence(ConsultantId, CompetenceId, ParentId) values ( 150, '4.6', '4' );
insert into Consultant_Competence(ConsultantId, CompetenceId, ParentId) values ( 150, 'CM', 'CM' );
insert into Consultant_Competence(ConsultantId, CompetenceId, ParentId) values ( 150, 'P', 'P' );
insert into Consultant_Competence(ConsultantId, CompetenceId, ParentId) values ( 150, 'P1', 'P' );
insert into Consultant_Competence(ConsultantId, CompetenceId, ParentId) values ( 150, 'P1.3', 'P1' );
insert into Consultant_Competence(ConsultantId, CompetenceId, ParentId) values ( 151, '3', 'CM' );
insert into Consultant_Competence(ConsultantId, CompetenceId, ParentId) values ( 151, '3.2', '3' );
insert into Consultant_Competence(ConsultantId, CompetenceId, ParentId) values ( 151, '3.3', '3' );
insert into Consultant_Competence(ConsultantId, CompetenceId, ParentId) values ( 151, '3.4', '3' );
insert into Consultant_Competence(ConsultantId, CompetenceId, ParentId) values ( 151, 'CM', 'CM' );
insert into Consultant_Competence(ConsultantId, CompetenceId, ParentId) values ( 151, 'P', 'P' );
insert into Consultant_Competence(ConsultantId, CompetenceId, ParentId) values ( 151, 'P1', 'P' );
insert into Consultant_Competence(ConsultantId, CompetenceId, ParentId) values ( 151, 'P1.3', 'P1' );
insert into Consultant_Competence(ConsultantId, CompetenceId, ParentId) values ( 152, '4', 'CM' );
insert into Consultant_Competence(ConsultantId, CompetenceId, ParentId) values ( 152, '4.4', '4' );
insert into Consultant_Competence(ConsultantId, CompetenceId, ParentId) values ( 152, '4.6', '4' );
insert into Consultant_Competence(ConsultantId, CompetenceId, ParentId) values ( 152, '6', 'CM' );
insert into Consultant_Competence(ConsultantId, CompetenceId, ParentId) values ( 152, '6.1', '6' );
insert into Consultant_Competence(ConsultantId, CompetenceId, ParentId) values ( 152, 'CM', 'CM' );
insert into Consultant_Competence(ConsultantId, CompetenceId, ParentId) values ( 152, 'P', 'P' );
insert into Consultant_Competence(ConsultantId, CompetenceId, ParentId) values ( 152, 'P1', 'P' );
insert into Consultant_Competence(ConsultantId, CompetenceId, ParentId) values ( 152, 'P1.3', 'P1' );
insert into Consultant_Competence(ConsultantId, CompetenceId, ParentId) values ( 153, '2', 'CM' );
insert into Consultant_Competence(ConsultantId, CompetenceId, ParentId) values ( 153, '2.3', '2' );
insert into Consultant_Competence(ConsultantId, CompetenceId, ParentId) values ( 153, '3', 'CM' );
insert into Consultant_Competence(ConsultantId, CompetenceId, ParentId) values ( 153, '3.2', '3' );
insert into Consultant_Competence(ConsultantId, CompetenceId, ParentId) values ( 153, 'CM', 'CM' );
insert into Consultant_Competence(ConsultantId, CompetenceId, ParentId) values ( 153, 'P', 'P' );
insert into Consultant_Competence(ConsultantId, CompetenceId, ParentId) values ( 153, 'P1', 'P' );
insert into Consultant_Competence(ConsultantId, CompetenceId, ParentId) values ( 153, 'P1.3', 'P1' );
insert into Consultant_Competence(ConsultantId, CompetenceId, ParentId) values ( 154, '3', 'CM' );
insert into Consultant_Competence(ConsultantId, CompetenceId, ParentId) values ( 154, '3.2', '3' );
insert into Consultant_Competence(ConsultantId, CompetenceId, ParentId) values ( 154, 'CM', 'CM' );
insert into Consultant_Competence(ConsultantId, CompetenceId, ParentId) values ( 154, 'P', 'P' );
insert into Consultant_Competence(ConsultantId, CompetenceId, ParentId) values ( 154, 'P1', 'P' );
insert into Consultant_Competence(ConsultantId, CompetenceId, ParentId) values ( 154, 'P1.3', 'P1' );
insert into Consultant_Competence(ConsultantId, CompetenceId, ParentId) values ( 155, '2', 'CM' );
insert into Consultant_Competence(ConsultantId, CompetenceId, ParentId) values ( 155, '2.2', '2' );
insert into Consultant_Competence(ConsultantId, CompetenceId, ParentId) values ( 155, 'CM', 'CM' );
insert into Consultant_Competence(ConsultantId, CompetenceId, ParentId) values ( 155, 'P', 'P' );
insert into Consultant_Competence(ConsultantId, CompetenceId, ParentId) values ( 155, 'P1', 'P' );
insert into Consultant_Competence(ConsultantId, CompetenceId, ParentId) values ( 155, 'P1.3', 'P1' );
insert into Consultant_Competence(ConsultantId, CompetenceId, ParentId) values ( 156, '4', 'CM' );
insert into Consultant_Competence(ConsultantId, CompetenceId, ParentId) values ( 156, '4.6', '4' );
insert into Consultant_Competence(ConsultantId, CompetenceId, ParentId) values ( 156, 'CM', 'CM' );
insert into Consultant_Competence(ConsultantId, CompetenceId, ParentId) values ( 156, 'P', 'P' );
insert into Consultant_Competence(ConsultantId, CompetenceId, ParentId) values ( 156, 'P1', 'P' );
insert into Consultant_Competence(ConsultantId, CompetenceId, ParentId) values ( 156, 'P1.3', 'P1' );
insert into Consultant_Competence(ConsultantId, CompetenceId, ParentId) values ( 157, '3', 'CM' );
insert into Consultant_Competence(ConsultantId, CompetenceId, ParentId) values ( 157, '3.4', '3' );
insert into Consultant_Competence(ConsultantId, CompetenceId, ParentId) values ( 157, '4', 'CM' );
insert into Consultant_Competence(ConsultantId, CompetenceId, ParentId) values ( 157, '4.9', '4' );
insert into Consultant_Competence(ConsultantId, CompetenceId, ParentId) values ( 157, '5', 'CM' );
insert into Consultant_Competence(ConsultantId, CompetenceId, ParentId) values ( 157, '5.3', '5' );
insert into Consultant_Competence(ConsultantId, CompetenceId, ParentId) values ( 157, 'CM', 'CM' );
insert into Consultant_Competence(ConsultantId, CompetenceId, ParentId) values ( 157, 'P', 'P' );
insert into Consultant_Competence(ConsultantId, CompetenceId, ParentId) values ( 157, 'P1', 'P' );
insert into Consultant_Competence(ConsultantId, CompetenceId, ParentId) values ( 157, 'P1.3', 'P1' );
insert into Consultant_Competence(ConsultantId, CompetenceId, ParentId) values ( 158, '3', 'CM' );
insert into Consultant_Competence(ConsultantId, CompetenceId, ParentId) values ( 158, '3.2', '3' );
insert into Consultant_Competence(ConsultantId, CompetenceId, ParentId) values ( 158, 'CM', 'CM' );
insert into Consultant_Competence(ConsultantId, CompetenceId, ParentId) values ( 158, 'P', 'P' );
insert into Consultant_Competence(ConsultantId, CompetenceId, ParentId) values ( 158, 'P1', 'P' );
insert into Consultant_Competence(ConsultantId, CompetenceId, ParentId) values ( 158, 'P1.3', 'P1' );
insert into Consultant_Competence(ConsultantId, CompetenceId, ParentId) values ( 159, '4', 'CM' );
insert into Consultant_Competence(ConsultantId, CompetenceId, ParentId) values ( 159, '4.8', '4' );
insert into Consultant_Competence(ConsultantId, CompetenceId, ParentId) values ( 159, 'CM', 'CM' );
insert into Consultant_Competence(ConsultantId, CompetenceId, ParentId) values ( 159, 'P', 'P' );
insert into Consultant_Competence(ConsultantId, CompetenceId, ParentId) values ( 159, 'P1', 'P' );
insert into Consultant_Competence(ConsultantId, CompetenceId, ParentId) values ( 159, 'P1.3', 'P1' );
insert into Consultant_Competence(ConsultantId, CompetenceId, ParentId) values ( 160, 'P', 'P' );
insert into Consultant_Competence(ConsultantId, CompetenceId, ParentId) values ( 160, 'P1', 'P' );
insert into Consultant_Competence(ConsultantId, CompetenceId, ParentId) values ( 160, 'P1.4', 'P1' );
insert into Consultant_Competence(ConsultantId, CompetenceId, ParentId) values ( 161, '1', 'CM' );
insert into Consultant_Competence(ConsultantId, CompetenceId, ParentId) values ( 161, '1.1', '1' );
insert into Consultant_Competence(ConsultantId, CompetenceId, ParentId) values ( 161, '2', 'CM' );
insert into Consultant_Competence(ConsultantId, CompetenceId, ParentId) values ( 161, '2.2', '2' );
insert into Consultant_Competence(ConsultantId, CompetenceId, ParentId) values ( 161, 'CM', 'CM' );
insert into Consultant_Competence(ConsultantId, CompetenceId, ParentId) values ( 161, 'P', 'P' );
insert into Consultant_Competence(ConsultantId, CompetenceId, ParentId) values ( 161, 'P1', 'P' );
insert into Consultant_Competence(ConsultantId, CompetenceId, ParentId) values ( 161, 'P1.4', 'P1' );
insert into Consultant_Competence(ConsultantId, CompetenceId, ParentId) values ( 162, '2', 'CM' );
insert into Consultant_Competence(ConsultantId, CompetenceId, ParentId) values ( 162, '2.1', '2' );
insert into Consultant_Competence(ConsultantId, CompetenceId, ParentId) values ( 162, '2.7', '2' );
insert into Consultant_Competence(ConsultantId, CompetenceId, ParentId) values ( 162, 'CM', 'CM' );
insert into Consultant_Competence(ConsultantId, CompetenceId, ParentId) values ( 162, 'P', 'P' );
insert into Consultant_Competence(ConsultantId, CompetenceId, ParentId) values ( 162, 'P1', 'P' );
insert into Consultant_Competence(ConsultantId, CompetenceId, ParentId) values ( 162, 'P1.4', 'P1' );
insert into Consultant_Competence(ConsultantId, CompetenceId, ParentId) values ( 163, '1', 'CM' );
insert into Consultant_Competence(ConsultantId, CompetenceId, ParentId) values ( 163, '1.1', '1' );
insert into Consultant_Competence(ConsultantId, CompetenceId, ParentId) values ( 163, '2', 'CM' );
insert into Consultant_Competence(ConsultantId, CompetenceId, ParentId) values ( 163, '2.2', '2' );
insert into Consultant_Competence(ConsultantId, CompetenceId, ParentId) values ( 163, '2.3', '2' );
insert into Consultant_Competence(ConsultantId, CompetenceId, ParentId) values ( 163, 'CM', 'CM' );
insert into Consultant_Competence(ConsultantId, CompetenceId, ParentId) values ( 163, 'P', 'P' );
insert into Consultant_Competence(ConsultantId, CompetenceId, ParentId) values ( 163, 'P1', 'P' );
insert into Consultant_Competence(ConsultantId, CompetenceId, ParentId) values ( 163, 'P1.4', 'P1' );
insert into Consultant_Competence(ConsultantId, CompetenceId, ParentId) values ( 164, 'P', 'P' );
insert into Consultant_Competence(ConsultantId, CompetenceId, ParentId) values ( 164, 'P1', 'P' );
insert into Consultant_Competence(ConsultantId, CompetenceId, ParentId) values ( 164, 'P1.4', 'P1' );
insert into Consultant_Competence(ConsultantId, CompetenceId, ParentId) values ( 165, 'P', 'P' );
insert into Consultant_Competence(ConsultantId, CompetenceId, ParentId) values ( 165, 'P1', 'P' );
insert into Consultant_Competence(ConsultantId, CompetenceId, ParentId) values ( 165, 'P1.4', 'P1' );
insert into Consultant_Competence(ConsultantId, CompetenceId, ParentId) values ( 166, 'P', 'P' );
insert into Consultant_Competence(ConsultantId, CompetenceId, ParentId) values ( 166, 'P1', 'P' );
insert into Consultant_Competence(ConsultantId, CompetenceId, ParentId) values ( 166, 'P1.4', 'P1' );
insert into Consultant_Competence(ConsultantId, CompetenceId, ParentId) values ( 167, 'P', 'P' );
insert into Consultant_Competence(ConsultantId, CompetenceId, ParentId) values ( 167, 'P1', 'P' );
insert into Consultant_Competence(ConsultantId, CompetenceId, ParentId) values ( 167, 'P1.4', 'P1' );
insert into Consultant_Competence(ConsultantId, CompetenceId, ParentId) values ( 168, '4', 'CM' );
insert into Consultant_Competence(ConsultantId, CompetenceId, ParentId) values ( 168, '4.4', '4' );
insert into Consultant_Competence(ConsultantId, CompetenceId, ParentId) values ( 168, 'CM', 'CM' );
insert into Consultant_Competence(ConsultantId, CompetenceId, ParentId) values ( 168, 'P', 'P' );
insert into Consultant_Competence(ConsultantId, CompetenceId, ParentId) values ( 168, 'P1', 'P' );
insert into Consultant_Competence(ConsultantId, CompetenceId, ParentId) values ( 168, 'P1.4', 'P1' );
insert into Consultant_Competence(ConsultantId, CompetenceId, ParentId) values ( 169, '1', 'CM' );
insert into Consultant_Competence(ConsultantId, CompetenceId, ParentId) values ( 169, '1.1', '1' );
insert into Consultant_Competence(ConsultantId, CompetenceId, ParentId) values ( 169, '1.4', '1' );
insert into Consultant_Competence(ConsultantId, CompetenceId, ParentId) values ( 169, '2', 'CM' );
insert into Consultant_Competence(ConsultantId, CompetenceId, ParentId) values ( 169, '2.2', '2' );
insert into Consultant_Competence(ConsultantId, CompetenceId, ParentId) values ( 169, '2.3', '2' );
insert into Consultant_Competence(ConsultantId, CompetenceId, ParentId) values ( 169, '2.6', '2' );
insert into Consultant_Competence(ConsultantId, CompetenceId, ParentId) values ( 169, '3', 'CM' );
insert into Consultant_Competence(ConsultantId, CompetenceId, ParentId) values ( 169, '3.1', '3' );
insert into Consultant_Competence(ConsultantId, CompetenceId, ParentId) values ( 169, '3.4', '3' );
insert into Consultant_Competence(ConsultantId, CompetenceId, ParentId) values ( 169, '3.5', '3' );
insert into Consultant_Competence(ConsultantId, CompetenceId, ParentId) values ( 169, '8', 'CM' );
insert into Consultant_Competence(ConsultantId, CompetenceId, ParentId) values ( 169, '8.5', '8' );
insert into Consultant_Competence(ConsultantId, CompetenceId, ParentId) values ( 169, 'CM', 'CM' );
insert into Consultant_Competence(ConsultantId, CompetenceId, ParentId) values ( 169, 'P', 'P' );
insert into Consultant_Competence(ConsultantId, CompetenceId, ParentId) values ( 169, 'P1', 'P' );
insert into Consultant_Competence(ConsultantId, CompetenceId, ParentId) values ( 169, 'P1.5', 'P1' );
insert into Consultant_Competence(ConsultantId, CompetenceId, ParentId) values ( 170, '3', 'CM' );
insert into Consultant_Competence(ConsultantId, CompetenceId, ParentId) values ( 170, '3.1', '3' );
insert into Consultant_Competence(ConsultantId, CompetenceId, ParentId) values ( 170, '3.3', '3' );
insert into Consultant_Competence(ConsultantId, CompetenceId, ParentId) values ( 170, '3.4', '3' );
insert into Consultant_Competence(ConsultantId, CompetenceId, ParentId) values ( 170, '3.5', '3' );
insert into Consultant_Competence(ConsultantId, CompetenceId, ParentId) values ( 170, '5', 'CM' );
insert into Consultant_Competence(ConsultantId, CompetenceId, ParentId) values ( 170, '5.1', '5' );
insert into Consultant_Competence(ConsultantId, CompetenceId, ParentId) values ( 170, '5.2', '5' );
insert into Consultant_Competence(ConsultantId, CompetenceId, ParentId) values ( 170, 'CM', 'CM' );
insert into Consultant_Competence(ConsultantId, CompetenceId, ParentId) values ( 170, 'P', 'P' );
insert into Consultant_Competence(ConsultantId, CompetenceId, ParentId) values ( 170, 'P1', 'P' );
insert into Consultant_Competence(ConsultantId, CompetenceId, ParentId) values ( 170, 'P1.5', 'P1' );
insert into Consultant_Competence(ConsultantId, CompetenceId, ParentId) values ( 171, '3', 'CM' );
insert into Consultant_Competence(ConsultantId, CompetenceId, ParentId) values ( 171, '3.3', '3' );
insert into Consultant_Competence(ConsultantId, CompetenceId, ParentId) values ( 171, '3.4', '3' );
insert into Consultant_Competence(ConsultantId, CompetenceId, ParentId) values ( 171, '5', 'CM' );
insert into Consultant_Competence(ConsultantId, CompetenceId, ParentId) values ( 171, '5.1', '5' );
insert into Consultant_Competence(ConsultantId, CompetenceId, ParentId) values ( 171, '5.2', '5' );
insert into Consultant_Competence(ConsultantId, CompetenceId, ParentId) values ( 171, 'CM', 'CM' );
insert into Consultant_Competence(ConsultantId, CompetenceId, ParentId) values ( 171, 'P', 'P' );
insert into Consultant_Competence(ConsultantId, CompetenceId, ParentId) values ( 171, 'P1', 'P' );
insert into Consultant_Competence(ConsultantId, CompetenceId, ParentId) values ( 171, 'P1.5', 'P1' );
insert into Consultant_Competence(ConsultantId, CompetenceId, ParentId) values ( 172, '1', 'CM' );
insert into Consultant_Competence(ConsultantId, CompetenceId, ParentId) values ( 172, '1.1', '1' );
insert into Consultant_Competence(ConsultantId, CompetenceId, ParentId) values ( 172, '1.2', '1' );
insert into Consultant_Competence(ConsultantId, CompetenceId, ParentId) values ( 172, '1.3', '1' );
insert into Consultant_Competence(ConsultantId, CompetenceId, ParentId) values ( 172, '1.4', '1' );
insert into Consultant_Competence(ConsultantId, CompetenceId, ParentId) values ( 172, '2', 'CM' );
insert into Consultant_Competence(ConsultantId, CompetenceId, ParentId) values ( 172, '2.1', '2' );
insert into Consultant_Competence(ConsultantId, CompetenceId, ParentId) values ( 172, '2.7', '2' );
insert into Consultant_Competence(ConsultantId, CompetenceId, ParentId) values ( 172, '3', 'CM' );
insert into Consultant_Competence(ConsultantId, CompetenceId, ParentId) values ( 172, '3.1', '3' );
insert into Consultant_Competence(ConsultantId, CompetenceId, ParentId) values ( 172, '7', 'CM' );
insert into Consultant_Competence(ConsultantId, CompetenceId, ParentId) values ( 172, '7.1', '7' );
insert into Consultant_Competence(ConsultantId, CompetenceId, ParentId) values ( 172, '7.5', '7' );
insert into Consultant_Competence(ConsultantId, CompetenceId, ParentId) values ( 172, '9', 'CM' );
insert into Consultant_Competence(ConsultantId, CompetenceId, ParentId) values ( 172, '9.1', '9' );
insert into Consultant_Competence(ConsultantId, CompetenceId, ParentId) values ( 172, 'CM', 'CM' );
insert into Consultant_Competence(ConsultantId, CompetenceId, ParentId) values ( 172, 'P', 'P' );
insert into Consultant_Competence(ConsultantId, CompetenceId, ParentId) values ( 172, 'P1', 'P' );
insert into Consultant_Competence(ConsultantId, CompetenceId, ParentId) values ( 172, 'P1.5', 'P1' );
insert into Consultant_Competence(ConsultantId, CompetenceId, ParentId) values ( 173, '1', 'CM' );
insert into Consultant_Competence(ConsultantId, CompetenceId, ParentId) values ( 173, '1.1', '1' );
insert into Consultant_Competence(ConsultantId, CompetenceId, ParentId) values ( 173, '2', 'CM' );
insert into Consultant_Competence(ConsultantId, CompetenceId, ParentId) values ( 173, '2.2', '2' );
insert into Consultant_Competence(ConsultantId, CompetenceId, ParentId) values ( 173, '2.5', '2' );
insert into Consultant_Competence(ConsultantId, CompetenceId, ParentId) values ( 173, '2.6', '2' );
insert into Consultant_Competence(ConsultantId, CompetenceId, ParentId) values ( 173, '3', 'CM' );
insert into Consultant_Competence(ConsultantId, CompetenceId, ParentId) values ( 173, '3.5', '3' );
insert into Consultant_Competence(ConsultantId, CompetenceId, ParentId) values ( 173, '5', 'CM' );
insert into Consultant_Competence(ConsultantId, CompetenceId, ParentId) values ( 173, '5.1', '5' );
insert into Consultant_Competence(ConsultantId, CompetenceId, ParentId) values ( 173, '5.2', '5' );
insert into Consultant_Competence(ConsultantId, CompetenceId, ParentId) values ( 173, 'CM', 'CM' );
insert into Consultant_Competence(ConsultantId, CompetenceId, ParentId) values ( 173, 'P', 'P' );
insert into Consultant_Competence(ConsultantId, CompetenceId, ParentId) values ( 173, 'P1', 'P' );
insert into Consultant_Competence(ConsultantId, CompetenceId, ParentId) values ( 173, 'P1.5', 'P1' );
insert into Consultant_Competence(ConsultantId, CompetenceId, ParentId) values ( 174, '1', 'CM' );
insert into Consultant_Competence(ConsultantId, CompetenceId, ParentId) values ( 174, '1.1', '1' );
insert into Consultant_Competence(ConsultantId, CompetenceId, ParentId) values ( 174, '2', 'CM' );
insert into Consultant_Competence(ConsultantId, CompetenceId, ParentId) values ( 174, '2.2', '2' );
insert into Consultant_Competence(ConsultantId, CompetenceId, ParentId) values ( 174, '2.6', '2' );
insert into Consultant_Competence(ConsultantId, CompetenceId, ParentId) values ( 174, '3', 'CM' );
insert into Consultant_Competence(ConsultantId, CompetenceId, ParentId) values ( 174, '3.3', '3' );
insert into Consultant_Competence(ConsultantId, CompetenceId, ParentId) values ( 174, '3.5', '3' );
insert into Consultant_Competence(ConsultantId, CompetenceId, ParentId) values ( 174, '5', 'CM' );
insert into Consultant_Competence(ConsultantId, CompetenceId, ParentId) values ( 174, '5.1', '5' );
insert into Consultant_Competence(ConsultantId, CompetenceId, ParentId) values ( 174, '5.2', '5' );
insert into Consultant_Competence(ConsultantId, CompetenceId, ParentId) values ( 174, 'CM', 'CM' );
insert into Consultant_Competence(ConsultantId, CompetenceId, ParentId) values ( 174, 'P', 'P' );
insert into Consultant_Competence(ConsultantId, CompetenceId, ParentId) values ( 174, 'P1', 'P' );
insert into Consultant_Competence(ConsultantId, CompetenceId, ParentId) values ( 174, 'P1.5', 'P1' );
insert into Consultant_Competence(ConsultantId, CompetenceId, ParentId) values ( 175, '1', 'CM' );
insert into Consultant_Competence(ConsultantId, CompetenceId, ParentId) values ( 175, '1.1', '1' );
insert into Consultant_Competence(ConsultantId, CompetenceId, ParentId) values ( 175, '1.3', '1' );
insert into Consultant_Competence(ConsultantId, CompetenceId, ParentId) values ( 175, '1.4', '1' );
insert into Consultant_Competence(ConsultantId, CompetenceId, ParentId) values ( 175, '2', 'CM' );
insert into Consultant_Competence(ConsultantId, CompetenceId, ParentId) values ( 175, '2.2', '2' );
insert into Consultant_Competence(ConsultantId, CompetenceId, ParentId) values ( 175, '2.3', '2' );
insert into Consultant_Competence(ConsultantId, CompetenceId, ParentId) values ( 175, '3', 'CM' );
insert into Consultant_Competence(ConsultantId, CompetenceId, ParentId) values ( 175, '3.1', '3' );
insert into Consultant_Competence(ConsultantId, CompetenceId, ParentId) values ( 175, '3.4', '3' );
insert into Consultant_Competence(ConsultantId, CompetenceId, ParentId) values ( 175, '3.5', '3' );
insert into Consultant_Competence(ConsultantId, CompetenceId, ParentId) values ( 175, '5', 'CM' );
insert into Consultant_Competence(ConsultantId, CompetenceId, ParentId) values ( 175, '5.1', '5' );
insert into Consultant_Competence(ConsultantId, CompetenceId, ParentId) values ( 175, '5.2', '5' );
insert into Consultant_Competence(ConsultantId, CompetenceId, ParentId) values ( 175, 'CM', 'CM' );
insert into Consultant_Competence(ConsultantId, CompetenceId, ParentId) values ( 175, 'P', 'P' );
insert into Consultant_Competence(ConsultantId, CompetenceId, ParentId) values ( 175, 'P1', 'P' );
insert into Consultant_Competence(ConsultantId, CompetenceId, ParentId) values ( 175, 'P1.5', 'P1' );
insert into Consultant_Competence(ConsultantId, CompetenceId, ParentId) values ( 176, 'P', 'P' );
insert into Consultant_Competence(ConsultantId, CompetenceId, ParentId) values ( 176, 'P1', 'P' );
insert into Consultant_Competence(ConsultantId, CompetenceId, ParentId) values ( 176, 'P1.5', 'P1' );
insert into Consultant_Competence(ConsultantId, CompetenceId, ParentId) values ( 177, '1', 'CM' );
insert into Consultant_Competence(ConsultantId, CompetenceId, ParentId) values ( 177, '1.1', '1' );
insert into Consultant_Competence(ConsultantId, CompetenceId, ParentId) values ( 177, '2', 'CM' );
insert into Consultant_Competence(ConsultantId, CompetenceId, ParentId) values ( 177, '2.2', '2' );
insert into Consultant_Competence(ConsultantId, CompetenceId, ParentId) values ( 177, '2.6', '2' );
insert into Consultant_Competence(ConsultantId, CompetenceId, ParentId) values ( 177, '2.7', '2' );
insert into Consultant_Competence(ConsultantId, CompetenceId, ParentId) values ( 177, '3', 'CM' );
insert into Consultant_Competence(ConsultantId, CompetenceId, ParentId) values ( 177, '3.4', '3' );
insert into Consultant_Competence(ConsultantId, CompetenceId, ParentId) values ( 177, '3.5', '3' );
insert into Consultant_Competence(ConsultantId, CompetenceId, ParentId) values ( 177, '5', 'CM' );
insert into Consultant_Competence(ConsultantId, CompetenceId, ParentId) values ( 177, '5.1', '5' );
insert into Consultant_Competence(ConsultantId, CompetenceId, ParentId) values ( 177, '5.2', '5' );
insert into Consultant_Competence(ConsultantId, CompetenceId, ParentId) values ( 177, 'CM', 'CM' );
insert into Consultant_Competence(ConsultantId, CompetenceId, ParentId) values ( 177, 'P', 'P' );
insert into Consultant_Competence(ConsultantId, CompetenceId, ParentId) values ( 177, 'P1', 'P' );
insert into Consultant_Competence(ConsultantId, CompetenceId, ParentId) values ( 177, 'P1.5', 'P1' );
insert into Consultant_Competence(ConsultantId, CompetenceId, ParentId) values ( 178, '1', 'CM' );
insert into Consultant_Competence(ConsultantId, CompetenceId, ParentId) values ( 178, '1.1', '1' );
insert into Consultant_Competence(ConsultantId, CompetenceId, ParentId) values ( 178, '2', 'CM' );
insert into Consultant_Competence(ConsultantId, CompetenceId, ParentId) values ( 178, '2.2', '2' );
insert into Consultant_Competence(ConsultantId, CompetenceId, ParentId) values ( 178, '2.3', '2' );
insert into Consultant_Competence(ConsultantId, CompetenceId, ParentId) values ( 178, '2.6', '2' );
insert into Consultant_Competence(ConsultantId, CompetenceId, ParentId) values ( 178, '3', 'CM' );
insert into Consultant_Competence(ConsultantId, CompetenceId, ParentId) values ( 178, '3.4', '3' );
insert into Consultant_Competence(ConsultantId, CompetenceId, ParentId) values ( 178, '3.5', '3' );
insert into Consultant_Competence(ConsultantId, CompetenceId, ParentId) values ( 178, '5', 'CM' );
insert into Consultant_Competence(ConsultantId, CompetenceId, ParentId) values ( 178, '5.1', '5' );
insert into Consultant_Competence(ConsultantId, CompetenceId, ParentId) values ( 178, '5.2', '5' );
insert into Consultant_Competence(ConsultantId, CompetenceId, ParentId) values ( 178, 'CM', 'CM' );
insert into Consultant_Competence(ConsultantId, CompetenceId, ParentId) values ( 178, 'P', 'P' );
insert into Consultant_Competence(ConsultantId, CompetenceId, ParentId) values ( 178, 'P1', 'P' );
insert into Consultant_Competence(ConsultantId, CompetenceId, ParentId) values ( 178, 'P1.5', 'P1' );
insert into Consultant_Competence(ConsultantId, CompetenceId, ParentId) values ( 179, '1', 'CM' );
insert into Consultant_Competence(ConsultantId, CompetenceId, ParentId) values ( 179, '1.1', '1' );
insert into Consultant_Competence(ConsultantId, CompetenceId, ParentId) values ( 179, '2', 'CM' );
insert into Consultant_Competence(ConsultantId, CompetenceId, ParentId) values ( 179, '2.2', '2' );
insert into Consultant_Competence(ConsultantId, CompetenceId, ParentId) values ( 179, '2.3', '2' );
insert into Consultant_Competence(ConsultantId, CompetenceId, ParentId) values ( 179, '2.5', '2' );
insert into Consultant_Competence(ConsultantId, CompetenceId, ParentId) values ( 179, '2.6', '2' );
insert into Consultant_Competence(ConsultantId, CompetenceId, ParentId) values ( 179, '3', 'CM' );
insert into Consultant_Competence(ConsultantId, CompetenceId, ParentId) values ( 179, '3.2', '3' );
insert into Consultant_Competence(ConsultantId, CompetenceId, ParentId) values ( 179, '3.4', '3' );
insert into Consultant_Competence(ConsultantId, CompetenceId, ParentId) values ( 179, '3.5', '3' );
insert into Consultant_Competence(ConsultantId, CompetenceId, ParentId) values ( 179, '5', 'CM' );
insert into Consultant_Competence(ConsultantId, CompetenceId, ParentId) values ( 179, '5.1', '5' );
insert into Consultant_Competence(ConsultantId, CompetenceId, ParentId) values ( 179, '5.2', '5' );
insert into Consultant_Competence(ConsultantId, CompetenceId, ParentId) values ( 179, 'CM', 'CM' );
insert into Consultant_Competence(ConsultantId, CompetenceId, ParentId) values ( 179, 'P', 'P' );
insert into Consultant_Competence(ConsultantId, CompetenceId, ParentId) values ( 179, 'P1', 'P' );
insert into Consultant_Competence(ConsultantId, CompetenceId, ParentId) values ( 179, 'P1.5', 'P1' );
insert into Consultant_Competence(ConsultantId, CompetenceId, ParentId) values ( 180, '2', 'CM' );
insert into Consultant_Competence(ConsultantId, CompetenceId, ParentId) values ( 180, '2.5', '2' );
insert into Consultant_Competence(ConsultantId, CompetenceId, ParentId) values ( 180, '3', 'CM' );
insert into Consultant_Competence(ConsultantId, CompetenceId, ParentId) values ( 180, '3.2', '3' );
insert into Consultant_Competence(ConsultantId, CompetenceId, ParentId) values ( 180, '3.3', '3' );
insert into Consultant_Competence(ConsultantId, CompetenceId, ParentId) values ( 180, '3.4', '3' );
insert into Consultant_Competence(ConsultantId, CompetenceId, ParentId) values ( 180, '3.5', '3' );
insert into Consultant_Competence(ConsultantId, CompetenceId, ParentId) values ( 180, 'CM', 'CM' );
insert into Consultant_Competence(ConsultantId, CompetenceId, ParentId) values ( 180, 'P', 'P' );
insert into Consultant_Competence(ConsultantId, CompetenceId, ParentId) values ( 180, 'P1', 'P' );
insert into Consultant_Competence(ConsultantId, CompetenceId, ParentId) values ( 180, 'P1.5', 'P1' );
insert into Consultant_Competence(ConsultantId, CompetenceId, ParentId) values ( 181, 'P', 'P' );
insert into Consultant_Competence(ConsultantId, CompetenceId, ParentId) values ( 181, 'P1', 'P' );
insert into Consultant_Competence(ConsultantId, CompetenceId, ParentId) values ( 181, 'P1.5', 'P1' );
insert into Consultant_Competence(ConsultantId, CompetenceId, ParentId) values ( 182, 'P', 'P' );
insert into Consultant_Competence(ConsultantId, CompetenceId, ParentId) values ( 182, 'P1', 'P' );
insert into Consultant_Competence(ConsultantId, CompetenceId, ParentId) values ( 182, 'P1.5', 'P1' );
insert into Consultant_Competence(ConsultantId, CompetenceId, ParentId) values ( 183, '1', 'CM' );
insert into Consultant_Competence(ConsultantId, CompetenceId, ParentId) values ( 183, '1.1', '1' );
insert into Consultant_Competence(ConsultantId, CompetenceId, ParentId) values ( 183, '2', 'CM' );
insert into Consultant_Competence(ConsultantId, CompetenceId, ParentId) values ( 183, '2.6', '2' );
insert into Consultant_Competence(ConsultantId, CompetenceId, ParentId) values ( 183, '3', 'CM' );
insert into Consultant_Competence(ConsultantId, CompetenceId, ParentId) values ( 183, '3.4', '3' );
insert into Consultant_Competence(ConsultantId, CompetenceId, ParentId) values ( 183, '3.5', '3' );
insert into Consultant_Competence(ConsultantId, CompetenceId, ParentId) values ( 183, '5', 'CM' );
insert into Consultant_Competence(ConsultantId, CompetenceId, ParentId) values ( 183, '5.1', '5' );
insert into Consultant_Competence(ConsultantId, CompetenceId, ParentId) values ( 183, '5.2', '5' );
insert into Consultant_Competence(ConsultantId, CompetenceId, ParentId) values ( 183, 'CM', 'CM' );
insert into Consultant_Competence(ConsultantId, CompetenceId, ParentId) values ( 183, 'P', 'P' );
insert into Consultant_Competence(ConsultantId, CompetenceId, ParentId) values ( 183, 'P1', 'P' );
insert into Consultant_Competence(ConsultantId, CompetenceId, ParentId) values ( 183, 'P1.5', 'P1' );
insert into Consultant_Competence(ConsultantId, CompetenceId, ParentId) values ( 184, '1', 'CM' );
insert into Consultant_Competence(ConsultantId, CompetenceId, ParentId) values ( 184, '1.1', '1' );
insert into Consultant_Competence(ConsultantId, CompetenceId, ParentId) values ( 184, '2', 'CM' );
insert into Consultant_Competence(ConsultantId, CompetenceId, ParentId) values ( 184, '2.2', '2' );
insert into Consultant_Competence(ConsultantId, CompetenceId, ParentId) values ( 184, '2.3', '2' );
insert into Consultant_Competence(ConsultantId, CompetenceId, ParentId) values ( 184, '2.6', '2' );
insert into Consultant_Competence(ConsultantId, CompetenceId, ParentId) values ( 184, '3', 'CM' );
insert into Consultant_Competence(ConsultantId, CompetenceId, ParentId) values ( 184, '3.1', '3' );
insert into Consultant_Competence(ConsultantId, CompetenceId, ParentId) values ( 184, '3.2', '3' );
insert into Consultant_Competence(ConsultantId, CompetenceId, ParentId) values ( 184, '3.3', '3' );
insert into Consultant_Competence(ConsultantId, CompetenceId, ParentId) values ( 184, '3.4', '3' );
insert into Consultant_Competence(ConsultantId, CompetenceId, ParentId) values ( 184, '3.5', '3' );
insert into Consultant_Competence(ConsultantId, CompetenceId, ParentId) values ( 184, '5', 'CM' );
insert into Consultant_Competence(ConsultantId, CompetenceId, ParentId) values ( 184, '5.1', '5' );
insert into Consultant_Competence(ConsultantId, CompetenceId, ParentId) values ( 184, '5.2', '5' );
insert into Consultant_Competence(ConsultantId, CompetenceId, ParentId) values ( 184, 'CM', 'CM' );
insert into Consultant_Competence(ConsultantId, CompetenceId, ParentId) values ( 184, 'P', 'P' );
insert into Consultant_Competence(ConsultantId, CompetenceId, ParentId) values ( 184, 'P1', 'P' );
insert into Consultant_Competence(ConsultantId, CompetenceId, ParentId) values ( 184, 'P1.5', 'P1' );
insert into Consultant_Competence(ConsultantId, CompetenceId, ParentId) values ( 185, '1', 'CM' );
insert into Consultant_Competence(ConsultantId, CompetenceId, ParentId) values ( 185, '1.1', '1' );
insert into Consultant_Competence(ConsultantId, CompetenceId, ParentId) values ( 185, '3', 'CM' );
insert into Consultant_Competence(ConsultantId, CompetenceId, ParentId) values ( 185, '3.4', '3' );
insert into Consultant_Competence(ConsultantId, CompetenceId, ParentId) values ( 185, '3.5', '3' );
insert into Consultant_Competence(ConsultantId, CompetenceId, ParentId) values ( 185, '5', 'CM' );
insert into Consultant_Competence(ConsultantId, CompetenceId, ParentId) values ( 185, '5.1', '5' );
insert into Consultant_Competence(ConsultantId, CompetenceId, ParentId) values ( 185, '5.2', '5' );
insert into Consultant_Competence(ConsultantId, CompetenceId, ParentId) values ( 185, 'CM', 'CM' );
insert into Consultant_Competence(ConsultantId, CompetenceId, ParentId) values ( 185, 'P', 'P' );
insert into Consultant_Competence(ConsultantId, CompetenceId, ParentId) values ( 185, 'P1', 'P' );
insert into Consultant_Competence(ConsultantId, CompetenceId, ParentId) values ( 185, 'P1.5', 'P1' );
insert into Consultant_Competence(ConsultantId, CompetenceId, ParentId) values ( 186, '1', 'CM' );
insert into Consultant_Competence(ConsultantId, CompetenceId, ParentId) values ( 186, '1.1', '1' );
insert into Consultant_Competence(ConsultantId, CompetenceId, ParentId) values ( 186, '2', 'CM' );
insert into Consultant_Competence(ConsultantId, CompetenceId, ParentId) values ( 186, '2.2', '2' );
insert into Consultant_Competence(ConsultantId, CompetenceId, ParentId) values ( 186, '2.3', '2' );
insert into Consultant_Competence(ConsultantId, CompetenceId, ParentId) values ( 186, '3', 'CM' );
insert into Consultant_Competence(ConsultantId, CompetenceId, ParentId) values ( 186, '3.4', '3' );
insert into Consultant_Competence(ConsultantId, CompetenceId, ParentId) values ( 186, '3.5', '3' );
insert into Consultant_Competence(ConsultantId, CompetenceId, ParentId) values ( 186, '5', 'CM' );
insert into Consultant_Competence(ConsultantId, CompetenceId, ParentId) values ( 186, '5.1', '5' );
insert into Consultant_Competence(ConsultantId, CompetenceId, ParentId) values ( 186, '5.2', '5' );
insert into Consultant_Competence(ConsultantId, CompetenceId, ParentId) values ( 186, 'CM', 'CM' );
insert into Consultant_Competence(ConsultantId, CompetenceId, ParentId) values ( 186, 'P', 'P' );
insert into Consultant_Competence(ConsultantId, CompetenceId, ParentId) values ( 186, 'P1', 'P' );
insert into Consultant_Competence(ConsultantId, CompetenceId, ParentId) values ( 186, 'P1.5', 'P1' );
insert into Consultant_Competence(ConsultantId, CompetenceId, ParentId) values ( 187, '1', 'CM' );
insert into Consultant_Competence(ConsultantId, CompetenceId, ParentId) values ( 187, '1.1', '1' );
insert into Consultant_Competence(ConsultantId, CompetenceId, ParentId) values ( 187, '1.2', '1' );
insert into Consultant_Competence(ConsultantId, CompetenceId, ParentId) values ( 187, '1.3', '1' );
insert into Consultant_Competence(ConsultantId, CompetenceId, ParentId) values ( 187, '1.6', '1' );
insert into Consultant_Competence(ConsultantId, CompetenceId, ParentId) values ( 187, '1.7', '1' );
insert into Consultant_Competence(ConsultantId, CompetenceId, ParentId) values ( 187, '2', 'CM' );
insert into Consultant_Competence(ConsultantId, CompetenceId, ParentId) values ( 187, '2.1', '2' );
insert into Consultant_Competence(ConsultantId, CompetenceId, ParentId) values ( 187, '2.2', '2' );
insert into Consultant_Competence(ConsultantId, CompetenceId, ParentId) values ( 187, '3', 'CM' );
insert into Consultant_Competence(ConsultantId, CompetenceId, ParentId) values ( 187, '3.1', '3' );
insert into Consultant_Competence(ConsultantId, CompetenceId, ParentId) values ( 187, '7', 'CM' );
insert into Consultant_Competence(ConsultantId, CompetenceId, ParentId) values ( 187, '7.1', '7' );
insert into Consultant_Competence(ConsultantId, CompetenceId, ParentId) values ( 187, '7.2', '7' );
insert into Consultant_Competence(ConsultantId, CompetenceId, ParentId) values ( 187, '7.5', '7' );
insert into Consultant_Competence(ConsultantId, CompetenceId, ParentId) values ( 187, '9', 'CM' );
insert into Consultant_Competence(ConsultantId, CompetenceId, ParentId) values ( 187, '9.1', '9' );
insert into Consultant_Competence(ConsultantId, CompetenceId, ParentId) values ( 187, 'CM', 'CM' );
insert into Consultant_Competence(ConsultantId, CompetenceId, ParentId) values ( 187, 'P', 'P' );
insert into Consultant_Competence(ConsultantId, CompetenceId, ParentId) values ( 187, 'P1', 'P' );
insert into Consultant_Competence(ConsultantId, CompetenceId, ParentId) values ( 187, 'P1.5', 'P1' );
insert into Consultant_Competence(ConsultantId, CompetenceId, ParentId) values ( 187, 'P3', 'P' );
insert into Consultant_Competence(ConsultantId, CompetenceId, ParentId) values ( 187, 'P3.4', 'P3' );
insert into Consultant_Competence(ConsultantId, CompetenceId, ParentId) values ( 187, 'P4', 'P' );
insert into Consultant_Competence(ConsultantId, CompetenceId, ParentId) values ( 187, 'P4.12', 'P4' );
insert into Consultant_Competence(ConsultantId, CompetenceId, ParentId) values ( 187, 'P5', 'P' );
insert into Consultant_Competence(ConsultantId, CompetenceId, ParentId) values ( 187, 'P5.13', 'P5' );
insert into Consultant_Competence(ConsultantId, CompetenceId, ParentId) values ( 187, 'P6', 'P' );
insert into Consultant_Competence(ConsultantId, CompetenceId, ParentId) values ( 187, 'P6.4', 'P6' );
insert into Consultant_Competence(ConsultantId, CompetenceId, ParentId) values ( 188, '1', 'CM' );
insert into Consultant_Competence(ConsultantId, CompetenceId, ParentId) values ( 188, '1.1', '1' );
insert into Consultant_Competence(ConsultantId, CompetenceId, ParentId) values ( 188, '2', 'CM' );
insert into Consultant_Competence(ConsultantId, CompetenceId, ParentId) values ( 188, '2.2', '2' );
insert into Consultant_Competence(ConsultantId, CompetenceId, ParentId) values ( 188, '2.3', '2' );
insert into Consultant_Competence(ConsultantId, CompetenceId, ParentId) values ( 188, '2.6', '2' );
insert into Consultant_Competence(ConsultantId, CompetenceId, ParentId) values ( 188, '3', 'CM' );
insert into Consultant_Competence(ConsultantId, CompetenceId, ParentId) values ( 188, '3.1', '3' );
insert into Consultant_Competence(ConsultantId, CompetenceId, ParentId) values ( 188, '3.2', '3' );
insert into Consultant_Competence(ConsultantId, CompetenceId, ParentId) values ( 188, '3.3', '3' );
insert into Consultant_Competence(ConsultantId, CompetenceId, ParentId) values ( 188, '3.4', '3' );
insert into Consultant_Competence(ConsultantId, CompetenceId, ParentId) values ( 188, '3.5', '3' );
insert into Consultant_Competence(ConsultantId, CompetenceId, ParentId) values ( 188, '5', 'CM' );
insert into Consultant_Competence(ConsultantId, CompetenceId, ParentId) values ( 188, '5.1', '5' );
insert into Consultant_Competence(ConsultantId, CompetenceId, ParentId) values ( 188, '5.2', '5' );
insert into Consultant_Competence(ConsultantId, CompetenceId, ParentId) values ( 188, 'CM', 'CM' );
insert into Consultant_Competence(ConsultantId, CompetenceId, ParentId) values ( 188, 'P', 'P' );
insert into Consultant_Competence(ConsultantId, CompetenceId, ParentId) values ( 188, 'P1', 'P' );
insert into Consultant_Competence(ConsultantId, CompetenceId, ParentId) values ( 188, 'P1.5', 'P1' );
insert into Consultant_Competence(ConsultantId, CompetenceId, ParentId) values ( 189, '3', 'CM' );
insert into Consultant_Competence(ConsultantId, CompetenceId, ParentId) values ( 189, '3.2', '3' );
insert into Consultant_Competence(ConsultantId, CompetenceId, ParentId) values ( 189, '3.3', '3' );
insert into Consultant_Competence(ConsultantId, CompetenceId, ParentId) values ( 189, '3.4', '3' );
insert into Consultant_Competence(ConsultantId, CompetenceId, ParentId) values ( 189, '3.5', '3' );
insert into Consultant_Competence(ConsultantId, CompetenceId, ParentId) values ( 189, 'CM', 'CM' );
insert into Consultant_Competence(ConsultantId, CompetenceId, ParentId) values ( 189, 'P', 'P' );
insert into Consultant_Competence(ConsultantId, CompetenceId, ParentId) values ( 189, 'P1', 'P' );
insert into Consultant_Competence(ConsultantId, CompetenceId, ParentId) values ( 189, 'P1.5', 'P1' );
insert into Consultant_Competence(ConsultantId, CompetenceId, ParentId) values ( 190, '3', 'CM' );
insert into Consultant_Competence(ConsultantId, CompetenceId, ParentId) values ( 190, '3.2', '3' );
insert into Consultant_Competence(ConsultantId, CompetenceId, ParentId) values ( 190, '3.3', '3' );
insert into Consultant_Competence(ConsultantId, CompetenceId, ParentId) values ( 190, '3.4', '3' );
insert into Consultant_Competence(ConsultantId, CompetenceId, ParentId) values ( 190, '3.5', '3' );
insert into Consultant_Competence(ConsultantId, CompetenceId, ParentId) values ( 190, 'CM', 'CM' );
insert into Consultant_Competence(ConsultantId, CompetenceId, ParentId) values ( 190, 'P', 'P' );
insert into Consultant_Competence(ConsultantId, CompetenceId, ParentId) values ( 190, 'P1', 'P' );
insert into Consultant_Competence(ConsultantId, CompetenceId, ParentId) values ( 190, 'P1.5', 'P1' );
insert into Consultant_Competence(ConsultantId, CompetenceId, ParentId) values ( 191, '1', 'CM' );
insert into Consultant_Competence(ConsultantId, CompetenceId, ParentId) values ( 191, '1.1', '1' );
insert into Consultant_Competence(ConsultantId, CompetenceId, ParentId) values ( 191, '2', 'CM' );
insert into Consultant_Competence(ConsultantId, CompetenceId, ParentId) values ( 191, '2.2', '2' );
insert into Consultant_Competence(ConsultantId, CompetenceId, ParentId) values ( 191, '2.6', '2' );
insert into Consultant_Competence(ConsultantId, CompetenceId, ParentId) values ( 191, '3', 'CM' );
insert into Consultant_Competence(ConsultantId, CompetenceId, ParentId) values ( 191, '3.4', '3' );
insert into Consultant_Competence(ConsultantId, CompetenceId, ParentId) values ( 191, '3.5', '3' );
insert into Consultant_Competence(ConsultantId, CompetenceId, ParentId) values ( 191, '5', 'CM' );
insert into Consultant_Competence(ConsultantId, CompetenceId, ParentId) values ( 191, '5.1', '5' );
insert into Consultant_Competence(ConsultantId, CompetenceId, ParentId) values ( 191, '5.2', '5' );
insert into Consultant_Competence(ConsultantId, CompetenceId, ParentId) values ( 191, 'CM', 'CM' );
insert into Consultant_Competence(ConsultantId, CompetenceId, ParentId) values ( 191, 'P', 'P' );
insert into Consultant_Competence(ConsultantId, CompetenceId, ParentId) values ( 191, 'P1', 'P' );
insert into Consultant_Competence(ConsultantId, CompetenceId, ParentId) values ( 191, 'P1.5', 'P1' );
insert into Consultant_Competence(ConsultantId, CompetenceId, ParentId) values ( 192, '1', 'CM' );
insert into Consultant_Competence(ConsultantId, CompetenceId, ParentId) values ( 192, '1.1', '1' );
insert into Consultant_Competence(ConsultantId, CompetenceId, ParentId) values ( 192, '2', 'CM' );
insert into Consultant_Competence(ConsultantId, CompetenceId, ParentId) values ( 192, '2.2', '2' );
insert into Consultant_Competence(ConsultantId, CompetenceId, ParentId) values ( 192, '2.6', '2' );
insert into Consultant_Competence(ConsultantId, CompetenceId, ParentId) values ( 192, '3', 'CM' );
insert into Consultant_Competence(ConsultantId, CompetenceId, ParentId) values ( 192, '3.3', '3' );
insert into Consultant_Competence(ConsultantId, CompetenceId, ParentId) values ( 192, '3.4', '3' );
insert into Consultant_Competence(ConsultantId, CompetenceId, ParentId) values ( 192, '3.5', '3' );
insert into Consultant_Competence(ConsultantId, CompetenceId, ParentId) values ( 192, '5', 'CM' );
insert into Consultant_Competence(ConsultantId, CompetenceId, ParentId) values ( 192, '5.1', '5' );
insert into Consultant_Competence(ConsultantId, CompetenceId, ParentId) values ( 192, '5.2', '5' );
insert into Consultant_Competence(ConsultantId, CompetenceId, ParentId) values ( 192, 'CM', 'CM' );
insert into Consultant_Competence(ConsultantId, CompetenceId, ParentId) values ( 192, 'P', 'P' );
insert into Consultant_Competence(ConsultantId, CompetenceId, ParentId) values ( 192, 'P1', 'P' );
insert into Consultant_Competence(ConsultantId, CompetenceId, ParentId) values ( 192, 'P1.5', 'P1' );
insert into Consultant_Competence(ConsultantId, CompetenceId, ParentId) values ( 193, '1', 'CM' );
insert into Consultant_Competence(ConsultantId, CompetenceId, ParentId) values ( 193, '1.1', '1' );
insert into Consultant_Competence(ConsultantId, CompetenceId, ParentId) values ( 193, '2', 'CM' );
insert into Consultant_Competence(ConsultantId, CompetenceId, ParentId) values ( 193, '2.6', '2' );
insert into Consultant_Competence(ConsultantId, CompetenceId, ParentId) values ( 193, '3', 'CM' );
insert into Consultant_Competence(ConsultantId, CompetenceId, ParentId) values ( 193, '3.1', '3' );
insert into Consultant_Competence(ConsultantId, CompetenceId, ParentId) values ( 193, '3.3', '3' );
insert into Consultant_Competence(ConsultantId, CompetenceId, ParentId) values ( 193, '3.4', '3' );
insert into Consultant_Competence(ConsultantId, CompetenceId, ParentId) values ( 193, '3.5', '3' );
insert into Consultant_Competence(ConsultantId, CompetenceId, ParentId) values ( 193, '5', 'CM' );
insert into Consultant_Competence(ConsultantId, CompetenceId, ParentId) values ( 193, '5.1', '5' );
insert into Consultant_Competence(ConsultantId, CompetenceId, ParentId) values ( 193, '5.2', '5' );
insert into Consultant_Competence(ConsultantId, CompetenceId, ParentId) values ( 193, 'CM', 'CM' );
insert into Consultant_Competence(ConsultantId, CompetenceId, ParentId) values ( 193, 'P', 'P' );
insert into Consultant_Competence(ConsultantId, CompetenceId, ParentId) values ( 193, 'P1', 'P' );
insert into Consultant_Competence(ConsultantId, CompetenceId, ParentId) values ( 193, 'P1.5', 'P1' );
insert into Consultant_Competence(ConsultantId, CompetenceId, ParentId) values ( 194, '1', 'CM' );
insert into Consultant_Competence(ConsultantId, CompetenceId, ParentId) values ( 194, '1.1', '1' );
insert into Consultant_Competence(ConsultantId, CompetenceId, ParentId) values ( 194, '2', 'CM' );
insert into Consultant_Competence(ConsultantId, CompetenceId, ParentId) values ( 194, '2.2', '2' );
insert into Consultant_Competence(ConsultantId, CompetenceId, ParentId) values ( 194, '2.6', '2' );
insert into Consultant_Competence(ConsultantId, CompetenceId, ParentId) values ( 194, '3', 'CM' );
insert into Consultant_Competence(ConsultantId, CompetenceId, ParentId) values ( 194, '3.1', '3' );
insert into Consultant_Competence(ConsultantId, CompetenceId, ParentId) values ( 194, '3.4', '3' );
insert into Consultant_Competence(ConsultantId, CompetenceId, ParentId) values ( 194, '3.5', '3' );
insert into Consultant_Competence(ConsultantId, CompetenceId, ParentId) values ( 194, '5', 'CM' );
insert into Consultant_Competence(ConsultantId, CompetenceId, ParentId) values ( 194, '5.1', '5' );
insert into Consultant_Competence(ConsultantId, CompetenceId, ParentId) values ( 194, '5.2', '5' );
insert into Consultant_Competence(ConsultantId, CompetenceId, ParentId) values ( 194, 'CM', 'CM' );
insert into Consultant_Competence(ConsultantId, CompetenceId, ParentId) values ( 194, 'P', 'P' );
insert into Consultant_Competence(ConsultantId, CompetenceId, ParentId) values ( 194, 'P1', 'P' );
insert into Consultant_Competence(ConsultantId, CompetenceId, ParentId) values ( 194, 'P1.5', 'P1' );
insert into Consultant_Competence(ConsultantId, CompetenceId, ParentId) values ( 195, 'P', 'P' );
insert into Consultant_Competence(ConsultantId, CompetenceId, ParentId) values ( 195, 'P1', 'P' );
insert into Consultant_Competence(ConsultantId, CompetenceId, ParentId) values ( 195, 'P1.5', 'P1' );
insert into Consultant_Competence(ConsultantId, CompetenceId, ParentId) values ( 196, '1', 'CM' );
insert into Consultant_Competence(ConsultantId, CompetenceId, ParentId) values ( 196, '1.1', '1' );
insert into Consultant_Competence(ConsultantId, CompetenceId, ParentId) values ( 196, '2', 'CM' );
insert into Consultant_Competence(ConsultantId, CompetenceId, ParentId) values ( 196, '2.6', '2' );
insert into Consultant_Competence(ConsultantId, CompetenceId, ParentId) values ( 196, '3', 'CM' );
insert into Consultant_Competence(ConsultantId, CompetenceId, ParentId) values ( 196, '3.4', '3' );
insert into Consultant_Competence(ConsultantId, CompetenceId, ParentId) values ( 196, '3.5', '3' );
insert into Consultant_Competence(ConsultantId, CompetenceId, ParentId) values ( 196, '5', 'CM' );
insert into Consultant_Competence(ConsultantId, CompetenceId, ParentId) values ( 196, '5.1', '5' );
insert into Consultant_Competence(ConsultantId, CompetenceId, ParentId) values ( 196, '5.2', '5' );
insert into Consultant_Competence(ConsultantId, CompetenceId, ParentId) values ( 196, 'CM', 'CM' );
insert into Consultant_Competence(ConsultantId, CompetenceId, ParentId) values ( 196, 'P', 'P' );
insert into Consultant_Competence(ConsultantId, CompetenceId, ParentId) values ( 196, 'P1', 'P' );
insert into Consultant_Competence(ConsultantId, CompetenceId, ParentId) values ( 196, 'P1.5', 'P1' );
insert into Consultant_Competence(ConsultantId, CompetenceId, ParentId) values ( 197, '1', 'CM' );
insert into Consultant_Competence(ConsultantId, CompetenceId, ParentId) values ( 197, '1.1', '1' );
insert into Consultant_Competence(ConsultantId, CompetenceId, ParentId) values ( 197, '2', 'CM' );
insert into Consultant_Competence(ConsultantId, CompetenceId, ParentId) values ( 197, '2.2', '2' );
insert into Consultant_Competence(ConsultantId, CompetenceId, ParentId) values ( 197, '2.6', '2' );
insert into Consultant_Competence(ConsultantId, CompetenceId, ParentId) values ( 197, '3', 'CM' );
insert into Consultant_Competence(ConsultantId, CompetenceId, ParentId) values ( 197, '3.3', '3' );
insert into Consultant_Competence(ConsultantId, CompetenceId, ParentId) values ( 197, '3.4', '3' );
insert into Consultant_Competence(ConsultantId, CompetenceId, ParentId) values ( 197, '3.5', '3' );
insert into Consultant_Competence(ConsultantId, CompetenceId, ParentId) values ( 197, '5', 'CM' );
insert into Consultant_Competence(ConsultantId, CompetenceId, ParentId) values ( 197, '5.1', '5' );
insert into Consultant_Competence(ConsultantId, CompetenceId, ParentId) values ( 197, '5.2', '5' );
insert into Consultant_Competence(ConsultantId, CompetenceId, ParentId) values ( 197, 'CM', 'CM' );
insert into Consultant_Competence(ConsultantId, CompetenceId, ParentId) values ( 197, 'P', 'P' );
insert into Consultant_Competence(ConsultantId, CompetenceId, ParentId) values ( 197, 'P1', 'P' );
insert into Consultant_Competence(ConsultantId, CompetenceId, ParentId) values ( 197, 'P1.5', 'P1' );
insert into Consultant_Competence(ConsultantId, CompetenceId, ParentId) values ( 198, '1', 'CM' );
insert into Consultant_Competence(ConsultantId, CompetenceId, ParentId) values ( 198, '1.1', '1' );
insert into Consultant_Competence(ConsultantId, CompetenceId, ParentId) values ( 198, '2', 'CM' );
insert into Consultant_Competence(ConsultantId, CompetenceId, ParentId) values ( 198, '2.2', '2' );
insert into Consultant_Competence(ConsultantId, CompetenceId, ParentId) values ( 198, '2.3', '2' );
insert into Consultant_Competence(ConsultantId, CompetenceId, ParentId) values ( 198, '2.6', '2' );
insert into Consultant_Competence(ConsultantId, CompetenceId, ParentId) values ( 198, '3', 'CM' );
insert into Consultant_Competence(ConsultantId, CompetenceId, ParentId) values ( 198, '3.4', '3' );
insert into Consultant_Competence(ConsultantId, CompetenceId, ParentId) values ( 198, '3.5', '3' );
insert into Consultant_Competence(ConsultantId, CompetenceId, ParentId) values ( 198, '5', 'CM' );
insert into Consultant_Competence(ConsultantId, CompetenceId, ParentId) values ( 198, '5.1', '5' );
insert into Consultant_Competence(ConsultantId, CompetenceId, ParentId) values ( 198, '5.2', '5' );
insert into Consultant_Competence(ConsultantId, CompetenceId, ParentId) values ( 198, '5.3', '5' );
insert into Consultant_Competence(ConsultantId, CompetenceId, ParentId) values ( 198, 'CM', 'CM' );
insert into Consultant_Competence(ConsultantId, CompetenceId, ParentId) values ( 198, 'P', 'P' );
insert into Consultant_Competence(ConsultantId, CompetenceId, ParentId) values ( 198, 'P1', 'P' );
insert into Consultant_Competence(ConsultantId, CompetenceId, ParentId) values ( 198, 'P1.5', 'P1' );
insert into Consultant_Competence(ConsultantId, CompetenceId, ParentId) values ( 199, '1', 'CM' );
insert into Consultant_Competence(ConsultantId, CompetenceId, ParentId) values ( 199, '1.1', '1' );
insert into Consultant_Competence(ConsultantId, CompetenceId, ParentId) values ( 199, '1.3', '1' );
insert into Consultant_Competence(ConsultantId, CompetenceId, ParentId) values ( 199, '1.4', '1' );
insert into Consultant_Competence(ConsultantId, CompetenceId, ParentId) values ( 199, '2', 'CM' );
insert into Consultant_Competence(ConsultantId, CompetenceId, ParentId) values ( 199, '2.2', '2' );
insert into Consultant_Competence(ConsultantId, CompetenceId, ParentId) values ( 199, '2.3', '2' );
insert into Consultant_Competence(ConsultantId, CompetenceId, ParentId) values ( 199, '2.5', '2' );
insert into Consultant_Competence(ConsultantId, CompetenceId, ParentId) values ( 199, '2.6', '2' );
insert into Consultant_Competence(ConsultantId, CompetenceId, ParentId) values ( 199, '3', 'CM' );
insert into Consultant_Competence(ConsultantId, CompetenceId, ParentId) values ( 199, '3.1', '3' );
insert into Consultant_Competence(ConsultantId, CompetenceId, ParentId) values ( 199, '3.2', '3' );
insert into Consultant_Competence(ConsultantId, CompetenceId, ParentId) values ( 199, '3.3', '3' );
insert into Consultant_Competence(ConsultantId, CompetenceId, ParentId) values ( 199, '3.4', '3' );
insert into Consultant_Competence(ConsultantId, CompetenceId, ParentId) values ( 199, '3.5', '3' );
insert into Consultant_Competence(ConsultantId, CompetenceId, ParentId) values ( 199, '5', 'CM' );
insert into Consultant_Competence(ConsultantId, CompetenceId, ParentId) values ( 199, '5.1', '5' );
insert into Consultant_Competence(ConsultantId, CompetenceId, ParentId) values ( 199, '5.2', '5' );
insert into Consultant_Competence(ConsultantId, CompetenceId, ParentId) values ( 199, 'CM', 'CM' );
insert into Consultant_Competence(ConsultantId, CompetenceId, ParentId) values ( 199, 'P', 'P' );
insert into Consultant_Competence(ConsultantId, CompetenceId, ParentId) values ( 199, 'P1', 'P' );
insert into Consultant_Competence(ConsultantId, CompetenceId, ParentId) values ( 199, 'P1.5', 'P1' );
insert into Consultant_Competence(ConsultantId, CompetenceId, ParentId) values ( 200, '1', 'CM' );
insert into Consultant_Competence(ConsultantId, CompetenceId, ParentId) values ( 200, '1.1', '1' );
insert into Consultant_Competence(ConsultantId, CompetenceId, ParentId) values ( 200, '2', 'CM' );
insert into Consultant_Competence(ConsultantId, CompetenceId, ParentId) values ( 200, '2.2', '2' );
insert into Consultant_Competence(ConsultantId, CompetenceId, ParentId) values ( 200, '2.6', '2' );
insert into Consultant_Competence(ConsultantId, CompetenceId, ParentId) values ( 200, '3', 'CM' );
insert into Consultant_Competence(ConsultantId, CompetenceId, ParentId) values ( 200, '3.1', '3' );
insert into Consultant_Competence(ConsultantId, CompetenceId, ParentId) values ( 200, '3.4', '3' );
insert into Consultant_Competence(ConsultantId, CompetenceId, ParentId) values ( 200, '3.5', '3' );
insert into Consultant_Competence(ConsultantId, CompetenceId, ParentId) values ( 200, '5', 'CM' );
insert into Consultant_Competence(ConsultantId, CompetenceId, ParentId) values ( 200, '5.1', '5' );
insert into Consultant_Competence(ConsultantId, CompetenceId, ParentId) values ( 200, '5.2', '5' );
insert into Consultant_Competence(ConsultantId, CompetenceId, ParentId) values ( 200, 'CM', 'CM' );
insert into Consultant_Competence(ConsultantId, CompetenceId, ParentId) values ( 200, 'P', 'P' );
insert into Consultant_Competence(ConsultantId, CompetenceId, ParentId) values ( 200, 'P1', 'P' );
insert into Consultant_Competence(ConsultantId, CompetenceId, ParentId) values ( 200, 'P1.5', 'P1' );
insert into Consultant_Competence(ConsultantId, CompetenceId, ParentId) values ( 201, '1', 'CM' );
insert into Consultant_Competence(ConsultantId, CompetenceId, ParentId) values ( 201, '1.1', '1' );
insert into Consultant_Competence(ConsultantId, CompetenceId, ParentId) values ( 201, '2', 'CM' );
insert into Consultant_Competence(ConsultantId, CompetenceId, ParentId) values ( 201, '2.2', '2' );
insert into Consultant_Competence(ConsultantId, CompetenceId, ParentId) values ( 201, '2.3', '2' );
insert into Consultant_Competence(ConsultantId, CompetenceId, ParentId) values ( 201, '2.6', '2' );
insert into Consultant_Competence(ConsultantId, CompetenceId, ParentId) values ( 201, '3', 'CM' );
insert into Consultant_Competence(ConsultantId, CompetenceId, ParentId) values ( 201, '3.1', '3' );
insert into Consultant_Competence(ConsultantId, CompetenceId, ParentId) values ( 201, '3.2', '3' );
insert into Consultant_Competence(ConsultantId, CompetenceId, ParentId) values ( 201, '3.4', '3' );
insert into Consultant_Competence(ConsultantId, CompetenceId, ParentId) values ( 201, '3.5', '3' );
insert into Consultant_Competence(ConsultantId, CompetenceId, ParentId) values ( 201, '5', 'CM' );
insert into Consultant_Competence(ConsultantId, CompetenceId, ParentId) values ( 201, '5.1', '5' );
insert into Consultant_Competence(ConsultantId, CompetenceId, ParentId) values ( 201, '5.2', '5' );
insert into Consultant_Competence(ConsultantId, CompetenceId, ParentId) values ( 201, '5.3', '5' );
insert into Consultant_Competence(ConsultantId, CompetenceId, ParentId) values ( 201, 'CM', 'CM' );
insert into Consultant_Competence(ConsultantId, CompetenceId, ParentId) values ( 201, 'P', 'P' );
insert into Consultant_Competence(ConsultantId, CompetenceId, ParentId) values ( 201, 'P1', 'P' );
insert into Consultant_Competence(ConsultantId, CompetenceId, ParentId) values ( 201, 'P1.5', 'P1' );
insert into Consultant_Competence(ConsultantId, CompetenceId, ParentId) values ( 202, '1', 'CM' );
insert into Consultant_Competence(ConsultantId, CompetenceId, ParentId) values ( 202, '1.1', '1' );
insert into Consultant_Competence(ConsultantId, CompetenceId, ParentId) values ( 202, '2', 'CM' );
insert into Consultant_Competence(ConsultantId, CompetenceId, ParentId) values ( 202, '2.2', '2' );
insert into Consultant_Competence(ConsultantId, CompetenceId, ParentId) values ( 202, '2.3', '2' );
insert into Consultant_Competence(ConsultantId, CompetenceId, ParentId) values ( 202, '3', 'CM' );
insert into Consultant_Competence(ConsultantId, CompetenceId, ParentId) values ( 202, '3.1', '3' );
insert into Consultant_Competence(ConsultantId, CompetenceId, ParentId) values ( 202, '3.4', '3' );
insert into Consultant_Competence(ConsultantId, CompetenceId, ParentId) values ( 202, '3.5', '3' );
insert into Consultant_Competence(ConsultantId, CompetenceId, ParentId) values ( 202, '4', 'CM' );
insert into Consultant_Competence(ConsultantId, CompetenceId, ParentId) values ( 202, '4.4', '4' );
insert into Consultant_Competence(ConsultantId, CompetenceId, ParentId) values ( 202, '5', 'CM' );
insert into Consultant_Competence(ConsultantId, CompetenceId, ParentId) values ( 202, '5.1', '5' );
insert into Consultant_Competence(ConsultantId, CompetenceId, ParentId) values ( 202, '5.2', '5' );
insert into Consultant_Competence(ConsultantId, CompetenceId, ParentId) values ( 202, 'CM', 'CM' );
insert into Consultant_Competence(ConsultantId, CompetenceId, ParentId) values ( 202, 'P', 'P' );
insert into Consultant_Competence(ConsultantId, CompetenceId, ParentId) values ( 202, 'P1', 'P' );
insert into Consultant_Competence(ConsultantId, CompetenceId, ParentId) values ( 202, 'P1.5', 'P1' );
insert into Consultant_Competence(ConsultantId, CompetenceId, ParentId) values ( 203, '1', 'CM' );
insert into Consultant_Competence(ConsultantId, CompetenceId, ParentId) values ( 203, '1.2', '1' );
insert into Consultant_Competence(ConsultantId, CompetenceId, ParentId) values ( 203, 'P', 'P' );
insert into Consultant_Competence(ConsultantId, CompetenceId, ParentId) values ( 203, 'P1', 'P' );
insert into Consultant_Competence(ConsultantId, CompetenceId, ParentId) values ( 203, 'P1.5', 'P1' );
insert into Consultant_Competence(ConsultantId, CompetenceId, ParentId) values ( 204, '1', 'CM' );
insert into Consultant_Competence(ConsultantId, CompetenceId, ParentId) values ( 204, '1.1', '1' );
insert into Consultant_Competence(ConsultantId, CompetenceId, ParentId) values ( 204, '2', 'CM' );
insert into Consultant_Competence(ConsultantId, CompetenceId, ParentId) values ( 204, '2.2', '2' );
insert into Consultant_Competence(ConsultantId, CompetenceId, ParentId) values ( 204, '2.6', '2' );
insert into Consultant_Competence(ConsultantId, CompetenceId, ParentId) values ( 204, '3', 'CM' );
insert into Consultant_Competence(ConsultantId, CompetenceId, ParentId) values ( 204, '3.4', '3' );
insert into Consultant_Competence(ConsultantId, CompetenceId, ParentId) values ( 204, '3.5', '3' );
insert into Consultant_Competence(ConsultantId, CompetenceId, ParentId) values ( 204, '5', 'CM' );
insert into Consultant_Competence(ConsultantId, CompetenceId, ParentId) values ( 204, '5.1', '5' );
insert into Consultant_Competence(ConsultantId, CompetenceId, ParentId) values ( 204, '5.2', '5' );
insert into Consultant_Competence(ConsultantId, CompetenceId, ParentId) values ( 204, 'CM', 'CM' );
insert into Consultant_Competence(ConsultantId, CompetenceId, ParentId) values ( 204, 'P', 'P' );
insert into Consultant_Competence(ConsultantId, CompetenceId, ParentId) values ( 204, 'P1', 'P' );
insert into Consultant_Competence(ConsultantId, CompetenceId, ParentId) values ( 204, 'P1.5', 'P1' );
insert into Consultant_Competence(ConsultantId, CompetenceId, ParentId) values ( 205, '1', 'CM' );
insert into Consultant_Competence(ConsultantId, CompetenceId, ParentId) values ( 205, '1.1', '1' );
insert into Consultant_Competence(ConsultantId, CompetenceId, ParentId) values ( 205, '2', 'CM' );
insert into Consultant_Competence(ConsultantId, CompetenceId, ParentId) values ( 205, '2.1', '2' );
insert into Consultant_Competence(ConsultantId, CompetenceId, ParentId) values ( 205, '2.2', '2' );
insert into Consultant_Competence(ConsultantId, CompetenceId, ParentId) values ( 205, '2.6', '2' );
insert into Consultant_Competence(ConsultantId, CompetenceId, ParentId) values ( 205, '2.7', '2' );
insert into Consultant_Competence(ConsultantId, CompetenceId, ParentId) values ( 205, '3', 'CM' );
insert into Consultant_Competence(ConsultantId, CompetenceId, ParentId) values ( 205, '3.4', '3' );
insert into Consultant_Competence(ConsultantId, CompetenceId, ParentId) values ( 205, '3.5', '3' );
insert into Consultant_Competence(ConsultantId, CompetenceId, ParentId) values ( 205, '5', 'CM' );
insert into Consultant_Competence(ConsultantId, CompetenceId, ParentId) values ( 205, '5.1', '5' );
insert into Consultant_Competence(ConsultantId, CompetenceId, ParentId) values ( 205, '5.2', '5' );
insert into Consultant_Competence(ConsultantId, CompetenceId, ParentId) values ( 205, 'CM', 'CM' );
insert into Consultant_Competence(ConsultantId, CompetenceId, ParentId) values ( 205, 'P', 'P' );
insert into Consultant_Competence(ConsultantId, CompetenceId, ParentId) values ( 205, 'P1', 'P' );
insert into Consultant_Competence(ConsultantId, CompetenceId, ParentId) values ( 205, 'P1.5', 'P1' );
insert into Consultant_Competence(ConsultantId, CompetenceId, ParentId) values ( 206, '1', 'CM' );
insert into Consultant_Competence(ConsultantId, CompetenceId, ParentId) values ( 206, '1.1', '1' );
insert into Consultant_Competence(ConsultantId, CompetenceId, ParentId) values ( 206, '2', 'CM' );
insert into Consultant_Competence(ConsultantId, CompetenceId, ParentId) values ( 206, '2.2', '2' );
insert into Consultant_Competence(ConsultantId, CompetenceId, ParentId) values ( 206, '2.6', '2' );
insert into Consultant_Competence(ConsultantId, CompetenceId, ParentId) values ( 206, '3', 'CM' );
insert into Consultant_Competence(ConsultantId, CompetenceId, ParentId) values ( 206, '3.5', '3' );
insert into Consultant_Competence(ConsultantId, CompetenceId, ParentId) values ( 206, '5', 'CM' );
insert into Consultant_Competence(ConsultantId, CompetenceId, ParentId) values ( 206, '5.1', '5' );
insert into Consultant_Competence(ConsultantId, CompetenceId, ParentId) values ( 206, 'CM', 'CM' );
insert into Consultant_Competence(ConsultantId, CompetenceId, ParentId) values ( 206, 'P', 'P' );
insert into Consultant_Competence(ConsultantId, CompetenceId, ParentId) values ( 206, 'P1', 'P' );
insert into Consultant_Competence(ConsultantId, CompetenceId, ParentId) values ( 206, 'P1.5', 'P1' );
insert into Consultant_Competence(ConsultantId, CompetenceId, ParentId) values ( 207, '2', 'CM' );
insert into Consultant_Competence(ConsultantId, CompetenceId, ParentId) values ( 207, '2.6', '2' );
insert into Consultant_Competence(ConsultantId, CompetenceId, ParentId) values ( 207, 'CM', 'CM' );
insert into Consultant_Competence(ConsultantId, CompetenceId, ParentId) values ( 207, 'P', 'P' );
insert into Consultant_Competence(ConsultantId, CompetenceId, ParentId) values ( 207, 'P1', 'P' );
insert into Consultant_Competence(ConsultantId, CompetenceId, ParentId) values ( 207, 'P1.5', 'P1' );
insert into Consultant_Competence(ConsultantId, CompetenceId, ParentId) values ( 208, '1', 'CM' );
insert into Consultant_Competence(ConsultantId, CompetenceId, ParentId) values ( 208, '1.1', '1' );
insert into Consultant_Competence(ConsultantId, CompetenceId, ParentId) values ( 208, '2', 'CM' );
insert into Consultant_Competence(ConsultantId, CompetenceId, ParentId) values ( 208, '2.2', '2' );
insert into Consultant_Competence(ConsultantId, CompetenceId, ParentId) values ( 208, '2.3', '2' );
insert into Consultant_Competence(ConsultantId, CompetenceId, ParentId) values ( 208, '3', 'CM' );
insert into Consultant_Competence(ConsultantId, CompetenceId, ParentId) values ( 208, '3.4', '3' );
insert into Consultant_Competence(ConsultantId, CompetenceId, ParentId) values ( 208, '3.5', '3' );
insert into Consultant_Competence(ConsultantId, CompetenceId, ParentId) values ( 208, '5', 'CM' );
insert into Consultant_Competence(ConsultantId, CompetenceId, ParentId) values ( 208, '5.1', '5' );
insert into Consultant_Competence(ConsultantId, CompetenceId, ParentId) values ( 208, '5.2', '5' );
insert into Consultant_Competence(ConsultantId, CompetenceId, ParentId) values ( 208, 'CM', 'CM' );
insert into Consultant_Competence(ConsultantId, CompetenceId, ParentId) values ( 208, 'P', 'P' );
insert into Consultant_Competence(ConsultantId, CompetenceId, ParentId) values ( 208, 'P1', 'P' );
insert into Consultant_Competence(ConsultantId, CompetenceId, ParentId) values ( 208, 'P1.5', 'P1' );
insert into Consultant_Competence(ConsultantId, CompetenceId, ParentId) values ( 209, '6', 'CM' );
insert into Consultant_Competence(ConsultantId, CompetenceId, ParentId) values ( 209, '6.2', '6' );
insert into Consultant_Competence(ConsultantId, CompetenceId, ParentId) values ( 209, 'CM', 'CM' );
insert into Consultant_Competence(ConsultantId, CompetenceId, ParentId) values ( 209, 'P', 'P' );
insert into Consultant_Competence(ConsultantId, CompetenceId, ParentId) values ( 209, 'P1', 'P' );
insert into Consultant_Competence(ConsultantId, CompetenceId, ParentId) values ( 209, 'P1.5', 'P1' );
insert into Consultant_Competence(ConsultantId, CompetenceId, ParentId) values ( 210, '1', 'CM' );
insert into Consultant_Competence(ConsultantId, CompetenceId, ParentId) values ( 210, '1.1', '1' );
insert into Consultant_Competence(ConsultantId, CompetenceId, ParentId) values ( 210, '1.3', '1' );
insert into Consultant_Competence(ConsultantId, CompetenceId, ParentId) values ( 210, '2', 'CM' );
insert into Consultant_Competence(ConsultantId, CompetenceId, ParentId) values ( 210, '2.2', '2' );
insert into Consultant_Competence(ConsultantId, CompetenceId, ParentId) values ( 210, '2.6', '2' );
insert into Consultant_Competence(ConsultantId, CompetenceId, ParentId) values ( 210, '2.7', '2' );
insert into Consultant_Competence(ConsultantId, CompetenceId, ParentId) values ( 210, '3', 'CM' );
insert into Consultant_Competence(ConsultantId, CompetenceId, ParentId) values ( 210, '3.5', '3' );
insert into Consultant_Competence(ConsultantId, CompetenceId, ParentId) values ( 210, '5', 'CM' );
insert into Consultant_Competence(ConsultantId, CompetenceId, ParentId) values ( 210, '5.1', '5' );
insert into Consultant_Competence(ConsultantId, CompetenceId, ParentId) values ( 210, '5.2', '5' );
insert into Consultant_Competence(ConsultantId, CompetenceId, ParentId) values ( 210, 'CM', 'CM' );
insert into Consultant_Competence(ConsultantId, CompetenceId, ParentId) values ( 210, 'P', 'P' );
insert into Consultant_Competence(ConsultantId, CompetenceId, ParentId) values ( 210, 'P1', 'P' );
insert into Consultant_Competence(ConsultantId, CompetenceId, ParentId) values ( 210, 'P1.5', 'P1' );
insert into Consultant_Competence(ConsultantId, CompetenceId, ParentId) values ( 211, '1', 'CM' );
insert into Consultant_Competence(ConsultantId, CompetenceId, ParentId) values ( 211, '1.1', '1' );
insert into Consultant_Competence(ConsultantId, CompetenceId, ParentId) values ( 211, '1.4', '1' );
insert into Consultant_Competence(ConsultantId, CompetenceId, ParentId) values ( 211, '2', 'CM' );
insert into Consultant_Competence(ConsultantId, CompetenceId, ParentId) values ( 211, '2.2', '2' );
insert into Consultant_Competence(ConsultantId, CompetenceId, ParentId) values ( 211, '2.7', '2' );
insert into Consultant_Competence(ConsultantId, CompetenceId, ParentId) values ( 211, '3', 'CM' );
insert into Consultant_Competence(ConsultantId, CompetenceId, ParentId) values ( 211, '3.1', '3' );
insert into Consultant_Competence(ConsultantId, CompetenceId, ParentId) values ( 211, '3.5', '3' );
insert into Consultant_Competence(ConsultantId, CompetenceId, ParentId) values ( 211, '5', 'CM' );
insert into Consultant_Competence(ConsultantId, CompetenceId, ParentId) values ( 211, '5.1', '5' );
insert into Consultant_Competence(ConsultantId, CompetenceId, ParentId) values ( 211, '5.2', '5' );
insert into Consultant_Competence(ConsultantId, CompetenceId, ParentId) values ( 211, 'CM', 'CM' );
insert into Consultant_Competence(ConsultantId, CompetenceId, ParentId) values ( 211, 'P', 'P' );
insert into Consultant_Competence(ConsultantId, CompetenceId, ParentId) values ( 211, 'P1', 'P' );
insert into Consultant_Competence(ConsultantId, CompetenceId, ParentId) values ( 211, 'P1.5', 'P1' );
insert into Consultant_Competence(ConsultantId, CompetenceId, ParentId) values ( 212, '3', 'CM' );
insert into Consultant_Competence(ConsultantId, CompetenceId, ParentId) values ( 212, '3.2', '3' );
insert into Consultant_Competence(ConsultantId, CompetenceId, ParentId) values ( 212, '3.3', '3' );
insert into Consultant_Competence(ConsultantId, CompetenceId, ParentId) values ( 212, '3.5', '3' );
insert into Consultant_Competence(ConsultantId, CompetenceId, ParentId) values ( 212, 'CM', 'CM' );
insert into Consultant_Competence(ConsultantId, CompetenceId, ParentId) values ( 212, 'P', 'P' );
insert into Consultant_Competence(ConsultantId, CompetenceId, ParentId) values ( 212, 'P1', 'P' );
insert into Consultant_Competence(ConsultantId, CompetenceId, ParentId) values ( 212, 'P1.5', 'P1' );



/*
select * from Consultant where email = 'Jeremy@Christopher' and aes_decrypt(pswd)='JeremyChristopher';

select validate_password( 'Jeremy@Christopher', 'JeremyChristopher');
select validate_password( 'Jeremy@Christopher', 'JeremyChristopher1');

*/

drop function if exists validate_password
DELIMITER $$

CREATE FUNCTION validate_password(
	in_email varchar(320),
    in_password varchar(255)
) 
RETURNS boolean
DETERMINISTIC
BEGIN
    DECLARE validate_password boolean default false;

    IF exists(select * from Consultant where email = in_email and aes_decrypt(pswd)=in_password) THEN
		SET validate_password = true;
    END IF;
	RETURN (validate_password);
END$$
DELIMITER ;


/*
select * from consultant order by consultantid desc;
*/
drop function if exists encrypt_password
DELIMITER $$

CREATE FUNCTION encrypt_password(
    in_password varchar(255)
) 
RETURNS char(40)
DETERMINISTIC
BEGIN
	RETURN (sha1(in_password));
END$$
DELIMITER ;


/*
CALL create_consultant("Adz","adz","adz@adz","adz", @ID);
select @ID;
*/

drop PROCEDURE if exists create_consultant
DELIMITER $$
CREATE PROCEDURE create_consultant(
 in inName varchar(150),
 in inPrenom varchar(150),
 in inEmail varchar(320),
 in inPassword varchar(255),
 out outConsultantId int
)
BEGIN
	insert Consultant(Nom, Prenom, Email, must_change_password, pswd)
	values (inName, inPrenom, inEmail, 0, encrypt_password(inPassword));

	set outConsultantId= @@identity;
END$$

DELIMITER ;

/*
CALL change_password('Frank@Roy','FrankRoy','FrankRoy1', @OK);
select @OK;


select * from consultant
where email = 'Doris@Eric' and aes_decrypt(pswd, 'matrix') = 'DorisEric';

select * from consultant
where email = 'Frank@Roy' and aes_decrypt(pswd, 'matrix') = 'FrankRoy1';

*/
drop PROCEDURE if exists change_password
DELIMITER $$
CREATE PROCEDURE change_password(
 in inEmail varchar(320),
 in inOldPassword varchar(255),
 in inNewPassword varchar(255),
 out outPasswordChanged boolean
)
BEGIN
update Consultant
set pswd = sha1(inNewPassword), 
	must_change_password=0
where email = inEmail and
	pswd = sha1(inOldPassword);
    
set outPasswordChanged = (row_count() = 1);
END$$

DELIMITER ;